,Area,mnemonic,2011,2012,2013,2014,2015,2016,2017,2018,2019,Size,Latitude,Longitude,Convenience Store,Supermarket
0,Dorchester (West Dorset),E34000016,19031,19152,19521,19633,19750,20254,20633,21082,21438,Small Town,50.710920000000044,-2.4423399999999447,1,2
1,Ely,E34000020,19270,19591,19543,19948,20053,20144,20255,20321,20330,Small Town,52.401370000000036,0.2637000000000285,1,2
2,Downham Market,E34000027,10882,10974,11192,11349,11650,11841,11937,11871,11910,Small Town,52.602360000000026,0.37877000000003136,0,2
3,Penrith,E34000039,15172,15232,15267,15287,15324,15376,15494,15542,15880,Small Town,54.66475000000002,-2.7569299999999544,0,4
4,Bolsover,E34000048,11767,12002,12042,12104,12052,12019,12014,11984,11996,Small Town,53.229250000000036,-1.2907199999999648,0,1
5,March,E34000055,21078,21084,21174,21300,21426,21489,21669,21797,21768,Small Town,52.55128000000008,0.0885000000000673,0,2
6,Royston,E34000067,15859,15896,16036,16308,16409,16625,16911,16949,17042,Small Town,52.048250000000046,-0.021399999999971442,0,1
7,Freshwater,E34000109,7832,7870,7770,7741,7730,7799,7827,7938,7928,Small Town,50.68264000000005,-1.5251399999999649,1,0
8,Bedlington,E34000174,16943,16967,16957,16894,16829,16831,16987,16963,17081,Small Town,55.130420000000065,-1.5926699999999414,0,4
9,New Addington,E34000214,22325,22751,22693,22592,22770,22987,23086,23035,22843,Small Town,51.34124000000003,-0.01536999999996169,0,5
10,Seaford,E34000231,22556,22654,22963,23236,23348,23574,23463,23503,23601,Small Town,50.77301000000006,0.101820000000032,0,1
11,Great Dunmow,E34000250,7767,7906,8043,8206,8258,8429,8493,8564,9006,Small Town,51.87107000000003,0.3639300000000389,0,1
12,Frodsham,E34000273,9031,9108,9105,9147,9253,9262,9227,9202,9074,Small Town,53.296550000000074,-2.7248799999999287,1,1
13,Rothwell,E34000278,7706,7706,7792,7874,7938,8117,8169,8204,8213,Small Town,52.42234000000008,-0.8031299999999533,0,1
14,Chard,E34000290,13116,13163,13362,13415,13611,13722,13784,13868,13873,Small Town,50.87366000000003,-2.9600599999999417,0,3
15,Hook (Hart),E34000306,7945,7949,7883,7984,7993,8071,8057,8019,8205,Small Town,51.281610000000065,-0.9652899999999248,0,1
16,Rainworth,E34000310,7697,7682,7779,7862,8012,8030,8108,8197,8252,Small Town,53.118300000000026,-1.1186999999999327,0,1
17,Beverley,E34000313,30621,30553,30609,30750,30587,30779,30964,31116,31130,Medium Town,53.84297000000004,-0.4326999999999544,1,4
18,Haverhill,E34000327,27145,27072,27201,27362,27423,27517,27747,27503,27481,Medium Town,52.08513000000005,0.4358100000000604,0,4
19,Exmouth,E34000403,34533,34697,34914,35241,35190,35311,35438,35632,35727,Medium Town,50.619580000000035,-3.413389999999936,0,2
20,Crediton,E34000416,7859,7907,7862,8004,7962,8039,8077,8137,8159,Small Town,50.79083000000003,-3.6613399999999383,0,2
21,Henley-on-Thames,E34000430,11536,11667,11622,11741,11619,11643,11633,11613,11714,Small Town,51.53612000000004,-0.903699999999958,1,1
22,Meltham,E34000458,7828,7875,7950,8031,8008,8051,7971,8040,8179,Small Town,53.59226000000007,-1.8494499999999332,0,1
23,Minehead,E34000469,11923,11880,11746,11817,11910,11908,12043,12014,12087,Small Town,51.20545000000004,-3.4797099999999546,0,3
24,Daventry,E34000473,24031,24160,24137,24250,24465,24840,24983,25464,25781,Medium Town,52.260530000000074,-1.1617799999999647,1,2
25,Deal,E34000490,30520,30543,30762,30669,30866,31275,31639,31757,31963,Medium Town,51.223160000000064,1.403060000000039,0,1
26,Hythe,E34000499,20250,20286,20346,20324,20336,20434,20454,20408,20402,Small Town,50.86749000000003,-1.4042599999999652,1,2
27,Market Deeping,E34000508,13586,13745,13907,13828,14079,14348,14398,14343,14306,Small Town,52.679230000000075,-0.320829999999944,0,1
28,Glastonbury,E34000521,8463,8562,8534,8598,8706,8660,8681,8755,8783,Small Town,51.147700000000036,-2.7165099999999707,0,3
29,Witham,E34000527,25414,25575,25938,25919,26104,26491,26633,26691,26951,Medium Town,51.80099000000007,0.6396400000000426,0,5
30,Gerrards Cross,E34000567,20616,20457,20421,20557,20630,20835,21004,21194,21405,Small Town,51.57897000000003,-0.5625699999999371,1,1
31,Ulverston,E34000573,11357,11320,11332,11433,11476,11412,11358,11311,11385,Small Town,54.19715000000008,-3.1019399999999564,0,1
32,Chapeltown,E34000574,23018,22936,22802,22806,22747,22723,22649,22492,22213,Small Town,54.283330000000035,-5.5833299999999335,0,2
33,Hornsea,E34000589,8414,8517,8589,8550,8580,8652,8704,8807,8793,Small Town,53.90839000000005,-0.17188999999996213,0,1
34,Maghull,E34000628,27005,26931,26695,26542,26366,26376,25736,25737,25877,Medium Town,53.51586000000003,-2.944139999999948,0,3
35,Street,E34000656,12915,13159,13295,13501,13396,13638,13702,13923,13782,Small Town,51.12895000000003,-2.7460199999999304,0,2
36,Frome,E34000692,26273,26519,26699,26979,27227,27350,27372,27937,28168,Medium Town,51.228620000000035,-2.317289999999957,0,3
37,Ross-on-Wye,E34000710,10573,10610,10689,10859,11065,11179,11360,11351,11309,Small Town,51.91649000000007,-2.5817199999999616,0,3
38,Storrington,E34000712,8634,8658,8695,8420,8677,8713,8866,8955,9100,Small Town,50.91781000000003,-0.4538599999999633,1,1
39,Alnwick,E34000732,8133,8193,8156,8048,8054,8060,8086,7995,7978,Small Town,55.412540000000035,-1.7035399999999754,0,4
40,Hailsham,E34000755,20034,20260,20508,20993,21503,21854,22057,22241,22530,Small Town,50.86541000000005,0.2565300000000548,1,2
41,Richmond,E34000762,8397,8381,8355,8420,8419,8420,8400,8369,8378,Small Town,51.462350000000065,-0.30277999999992744,3,2
42,Mablethorpe,E34000776,12505,12339,12380,12346,12384,12372,12577,12628,12633,Small Town,53.340670000000046,0.2581900000000701,0,1
43,Lutterworth,E34000786,9964,9874,10004,10052,10082,10215,10528,10854,10958,Small Town,52.456560000000074,-1.1995899999999438,1,1
44,Sidmouth,E34000796,12539,12735,12839,13089,13174,13221,13179,13277,13280,Small Town,50.68744000000004,-3.2375699999999483,1,1
45,Epping,E34000815,10316,10494,10556,10622,10833,11015,11185,11155,11152,Small Town,51.700060000000065,0.11270000000007485,0,1
46,Torpoint,E34000830,7836,7741,7723,7784,7659,7689,7645,7633,7549,Small Town,50.376040000000046,-4.20799999999997,0,1
47,Hilton (South Derbyshire),E34000839,7766,7879,8015,8172,8189,8224,8333,8469,8588,Small Town,52.87265000000008,-1.6396999999999482,0,1
48,Buckingham,E34000850,12930,12904,12869,13050,13706,14070,14777,15235,15379,Small Town,52.000720000000065,-0.9864899999999466,2,3
49,Brackley,E34000857,13082,13148,13311,13370,13389,13701,14161,14651,15315,Small Town,52.02752000000004,-1.1489499999999566,1,1
50,Paddock Wood,E34000885,7848,7953,8015,7902,7754,7768,7732,7657,7719,Small Town,51.179710000000064,0.39362000000005537,1,0
51,Garforth,E34000891,14789,14875,14861,14788,14828,14833,14752,14584,14464,Small Town,53.79696000000007,-1.3751199999999244,0,2
52,Northallerton,E34000922,16862,16878,17025,16837,16786,16976,17002,17045,17030,Small Town,54.338880000000074,-1.4317499999999654,0,3
53,Hayle,E34000980,8230,8306,8304,8328,8399,8377,8560,8708,8839,Small Town,50.19206000000002,-5.407569999999964,0,1
54,Conisbrough,E34000991,15918,15979,15998,16023,15876,15993,15952,15916,15873,Small Town,53.48658000000007,-1.2281599999999455,1,2
55,Nantwich,E34000994,17231,17376,17595,17663,17836,18003,18003,17955,17997,Small Town,53.065960000000075,-2.5169299999999453,0,3
56,Market Drayton,E34001024,11816,11806,11881,12080,12111,12177,12218,12211,12327,Small Town,52.904660000000035,-2.4868999999999346,1,3
57,Portishead,E34001039,23797,24246,24838,25389,25815,26156,26286,26490,26535,Medium Town,51.47396000000003,-2.7696299999999496,1,4
58,Marple,E34001064,18204,18266,18285,18466,18513,18662,18593,18676,18621,Small Town,53.395650000000046,-2.0701799999999366,0,1
59,Dawlish,E34001067,11305,11467,11618,12026,12350,12564,12814,13048,13355,Small Town,50.581990000000076,-3.4647199999999434,0,1
60,Dronfield,E34001068,21114,21145,21099,21090,21006,21071,20927,20956,20964,Small Town,53.30473000000006,-1.4693999999999503,0,2
61,Wootton Bassett,E34001070,11263,11513,11716,12006,12575,12604,12792,12926,12943,Small Town,51.54317000000003,-1.902379999999937,0,1
62,Hawkinge,E34001073,8014,8189,8373,8487,8441,8508,8608,8715,8777,Small Town,51.11576000000008,1.1647100000000703,0,1
63,Dinnington (Rotherham),E34001117,19893,19999,19970,20161,20401,20585,20433,20542,20443,Small Town,53.36530000000005,-1.2095199999999409,0,2
64,Faringdon,E34001202,7156,7427,7568,7772,7955,8011,8093,8098,7992,Small Town,51.65628000000004,-1.5867599999999698,1,1
65,Raunds,E34001247,8637,8541,8566,8569,8571,8661,8822,8972,9165,Small Town,52.34335000000005,-0.5468099999999367,1,2
66,Halstead,E34001263,11934,11977,11897,11975,11992,12194,12127,12051,12161,Small Town,51.943990000000035,0.6358200000000238,0,2
67,Newport (Isle of Wight),E34001267,24937,25159,24925,25240,25518,25622,25773,25926,25844,Medium Town,50.70010000000008,-1.295889999999929,0,4
68,Ponteland,E34001322,10124,10170,10284,10297,10341,10406,10480,10380,10465,Small Town,55.04973000000007,-1.7427799999999252,1,1
69,Oakham,E34001373,10935,11000,11090,11305,11189,11065,11136,11157,11191,Small Town,52.67004000000003,-0.7310499999999251,0,3
70,Okehampton,E34001398,7665,7754,7782,7901,8164,8248,8470,8643,8805,Small Town,50.73947000000004,-4.0018199999999515,1,1
71,Clitheroe,E34001416,14801,14905,15093,15143,15374,15587,15974,16279,16653,Small Town,53.87274000000008,-2.3917899999999577,0,4
72,Petersfield,E34001430,14998,14955,14936,14973,15005,15093,15246,15390,15450,Small Town,51.00389000000007,-0.9370499999999424,1,2
73,Louth,E34001434,16466,16538,16641,16766,16845,16852,16991,17137,17413,Small Town,53.36649000000007,-0.007409999999936191,0,2
74,Ashington (Northumberland),E34001445,27685,27736,27803,27720,27761,27664,27993,28100,28139,Medium Town,55.18354000000005,-1.5694099999999482,0,3
75,Newmarket,E34001461,20464,20244,20386,20790,20875,20472,20977,21061,20819,Small Town,52.25019000000003,0.3986200000000508,1,2
76,Heswall,E34001481,29735,29850,29762,29683,29609,29509,29467,29541,29436,Medium Town,53.329180000000065,-3.0985699999999383,0,2
77,Sheerness,E34001491,12004,12273,12326,12518,12725,13088,13270,13422,13418,Small Town,51.43884000000003,0.7646600000000491,0,2
78,Driffield,E34001493,13111,13165,13175,13092,12930,12980,13049,12966,13117,Small Town,54.008940000000045,-0.4363099999999349,1,2
79,Retford,E34001504,22033,22097,22337,22542,22813,22955,23247,23277,23348,Small Town,53.32519000000008,-0.9452799999999684,0,2
80,Leominster,E34001545,10933,11002,11119,11145,11191,11183,11417,11633,11614,Small Town,52.227090000000025,-2.744919999999979,0,2
81,Bodmin,E34001604,14672,14859,15100,15170,15447,15601,15681,15868,16000,Small Town,50.47123000000005,-4.717339999999979,0,4
82,Caister-on-Sea,E34001609,8891,8850,8950,8972,9025,8972,8898,8911,8801,Small Town,52.648090000000074,1.7264800000000378,0,2
83,Devizes,E34001645,18082,18554,18760,18937,18877,19006,18907,18978,19097,Small Town,51.351620000000075,-1.9951299999999603,0,3
84,Elland,E34001704,15651,15761,15950,16053,16085,16236,16153,16248,16255,Small Town,53.68623000000007,-1.8358799999999744,0,2
85,Bishop's Stortford,E34001711,38005,38338,38824,39392,39682,39863,40089,40423,40815,Medium Town,51.872930000000046,0.16161000000005288,1,3
86,Kenilworth,E34001715,22397,22219,22080,22017,21758,21450,21490,21682,21616,Small Town,52.343180000000075,-1.5796699999999646,1,1
87,New Romney,E34001759,9676,9624,9691,9716,9754,9983,9941,10009,9989,Small Town,50.98678000000007,0.9464700000000336,0,1
88,South Ockendon,E34001850,19505,19844,20169,20562,21061,21491,21794,22055,22303,Small Town,51.50248000000005,0.2835000000000605,0,3
89,West Chiltington Common,E34001895,7479,7584,7700,7871,7864,7903,7891,7892,7867,Small Town,50.94679986145442,-0.4617741811472023,0,1
90,New Rossington,E34001896,13536,13502,13432,13453,13500,13346,13295,13375,13656,Small Town,53.47344000000004,-1.0615399999999795,0,2
91,Stanford-le-Hope,E34001958,28724,28451,28387,28476,28617,28786,29064,29059,29004,Medium Town,51.51413000000008,0.4151900000000524,0,1
92,Yeovil,E34001962,45964,46523,46921,47385,47576,47919,48303,48590,48615,Medium Town,50.94870000000003,-2.63946999999996,0,5
93,Amesbury,E34001982,10198,10373,10570,10628,10616,10726,11149,11404,11754,Small Town,51.16948000000008,-1.7771999999999366,0,3
94,Crook,E34001993,9488,9516,9457,9453,9492,9561,9546,9542,9627,Small Town,54.71434000000005,-1.7487499999999727,0,1
95,Maldon,E34002041,21507,21569,21783,21848,21824,21945,21810,21886,22032,Small Town,51.731430000000046,0.675420000000031,0,4
96,Sudbury,E34002053,22268,22471,22696,22915,23093,23177,23456,23626,23842,Small Town,52.03862000000004,0.7343900000000758,2,3
97,Brandon (County Durham),E34002054,9576,9553,9546,9572,9834,9920,9967,10134,10177,Small Town,54.74998000000005,-1.6215499999999563,1,2
98,Ormskirk,E34002061,24018,24395,24747,24971,25288,25523,26121,26327,26262,Medium Town,53.566250000000075,-2.8862399999999298,0,3
99,Blyth (Northumberland),E34002074,37425,37434,37455,37513,37959,38388,38794,39251,39535,Medium Town,55.123590000000036,-1.5156899999999496,0,4
100,Holbeach,E34002085,7900,7838,7873,7927,7946,8142,8274,8400,8418,Small Town,52.803960000000075,0.014500000000055024,0,1
101,Newquay,E34002180,20218,20284,20615,20628,20892,21392,21889,22218,22612,Small Town,50.412830000000035,-5.071169999999938,0,3
102,Hemsworth,E34002182,9269,9321,9310,9384,9271,9312,9350,9357,9425,Small Town,53.34007000000002,-1.469479999999976,1,8
103,Thirsk,E34002254,9976,10054,10057,10191,10264,10405,10554,10760,10946,Small Town,54.23273000000007,-1.342049999999972,0,3
104,Huntingdon,E34002257,24109,24268,24472,25024,25404,25730,25908,25825,26004,Medium Town,52.335230000000074,-0.1893599999999651,1,4
105,Shirebrook,E34002285,10916,10974,11172,11343,11549,11632,11750,12009,12408,Small Town,53.20265000000007,-1.2193599999999378,0,1
106,Sherborne,E34002367,9495,9552,9636,9756,9729,9754,9815,9922,9894,Small Town,50.94936000000007,-2.5216599999999403,1,1
107,Silsden,E34002384,7901,7998,8047,8046,8095,8064,8005,7991,7996,Small Town,53.915880000000065,-1.935769999999934,0,1
108,Honiton,E34002446,11507,11518,11489,11526,11514,11478,11516,11588,11549,Small Town,50.797390000000064,-3.196869999999933,0,3
109,Chippenham (Wiltshire),E34002470,35886,35954,36024,36127,35980,36016,35919,35719,35469,Medium Town,51.461110000000076,-2.1195099999999343,0,4
110,Gillingham (North Dorset),E34002474,11319,11364,11410,11426,11524,11538,11585,11549,11490,Small Town,51.03868000000006,-2.278229999999951,1,2
111,Tring,E34002511,11936,11939,11893,11957,12050,12177,12267,12307,12297,Small Town,51.793540000000064,-0.6627999999999474,0,1
112,Guisborough,E34002512,16951,16917,16999,17035,17019,17086,17301,17665,17795,Small Town,54.53561000000008,-1.0522899999999709,0,4
113,Rugeley,E34002554,24065,24294,24391,24502,24414,24526,24487,24683,24725,Small Town,52.75868000000003,-1.937019999999961,0,4
114,Saffron Walden,E34002562,15277,15450,15721,15885,16356,16522,16719,16825,17012,Small Town,52.02059000000003,0.2399000000000342,2,2
115,Knutsford,E34002605,13230,13271,13250,13281,13220,13340,13286,13164,13095,Small Town,53.30431000000005,-2.376299999999958,0,4
116,Biggleswade,E34002609,16630,17117,17488,17972,18604,19309,20221,20983,21673,Small Town,52.08698000000004,-0.2616199999999367,0,3
117,Ripon,E34002624,16534,16733,16669,16450,16409,16203,16181,16173,16121,Small Town,54.13612000000007,-1.52434999999997,0,3
118,Selsey,E34002637,10520,10450,10503,10519,10500,10460,10486,10533,10519,Small Town,50.741910000000075,-0.7826299999999264,1,1
119,Ilfracombe,E34002653,11169,11108,11126,11069,11023,10990,11068,11055,10946,Small Town,51.20825000000008,-4.123249999999929,0,2
120,Newton Aycliffe,E34002689,25980,25964,25726,25767,25778,25833,25859,26065,26116,Medium Town,54.619120000000066,-1.571489999999926,0,3
121,South Woodham Ferrers,E34002729,16447,16374,16416,16488,16320,16273,16239,16137,15978,Small Town,51.65324000000004,0.6076300000000288,0,1
122,Lichfield,E34002733,33003,33188,33350,33479,33629,33704,33816,33970,34169,Medium Town,52.684170000000044,-1.8188599999999724,1,4
123,Lymm,E34002801,11638,11702,11857,11971,11985,11973,11950,11870,11908,Small Town,53.379620000000045,-2.487059999999929,0,1
124,Dereham,E34002816,20732,20803,20874,21051,21119,21079,21246,21434,21362,Small Town,52.680230000000044,0.94491000000005,0,5
125,Newport (Telford and Wrekin),E34002854,12702,12700,12544,12459,12592,12859,13184,13442,13539,Small Town,52.730230232000046,-2.488722166999935,0,4
126,Beaconsfield,E34002872,13836,14035,14264,14443,14619,14699,14650,14677,14667,Small Town,51.611860000000036,-0.6469899999999598,1,1
127,Chapel-en-le-Frith,E34002878,6607,6533,6621,6613,6729,6847,7113,7356,7614,Small Town,53.322940000000074,-1.91650999999996,0,2
128,Longridge,E34002906,7580,7493,7519,7608,7753,7812,7936,8068,8087,Small Town,53.829110000000064,-2.600689999999929,0,1
129,Verwood,E34002917,13394,13475,13591,13683,13636,13650,13745,13673,13650,Small Town,50.881740000000036,-1.8787099999999557,0,1
130,Whitchurch (Shropshire),E34002927,9722,9712,9855,9883,10011,9917,9968,10111,10211,Small Town,52.970570000000066,-2.6851999999999516,0,3
131,Tidworth,E34002963,10023,10061,10098,10305,10971,10943,11304,11507,11686,Small Town,51.23710000000007,-1.6640299999999684,0,2
132,Barton-upon-Humber,E34002993,11080,11115,11227,11374,11449,11529,11659,11709,11670,Small Town,53.684640000000066,-0.44377999999994705,0,2
133,Keynsham,E34003029,15612,15670,15839,15869,16285,16739,17293,17945,18361,Small Town,51.414590000000025,-2.496959999999945,1,3
134,Sleaford,E34003071,17412,17594,17656,17858,17823,17912,17983,18331,18569,Small Town,52.99480000000007,-0.4108399999999506,0,3
135,Barrow-in-Furness,E34003078,45864,45322,44965,44874,44795,44662,44407,44407,44513,Medium Town,54.111020000000046,-3.2258099999999668,0,5
136,Clowne,E34003098,7601,7617,7667,7714,7827,7898,8129,8303,8393,Small Town,53.274810000000066,-1.264449999999954,0,2
137,Tiverton,E34003112,19606,19714,19727,19875,19946,19975,20150,20411,20587,Small Town,50.90555000000007,-3.4937699999999268,0,2
138,South Hayling,E34003129,15479,15520,15673,15746,15773,15646,15885,16034,16020,Small Town,50.789690000000064,-0.9772999999999571,0,1
139,Swaffham,E34003165,7257,7213,7424,7438,7602,7837,8052,8209,8278,Small Town,52.64402000000007,0.6897600000000352,0,3
140,Ledbury,E34003168,8853,8917,9027,9131,9157,9182,9202,9198,9156,Small Town,52.039560000000044,-2.4245899999999665,0,1
141,Skipton,E34003174,14613,14680,14630,14618,14709,14875,15047,15170,15329,Small Town,53.960210000000075,-2.0178899999999658,0,2
142,Bradford on Avon,E34003178,9162,9286,9290,9443,9475,9596,9638,9605,9756,Small Town,51.348340000000064,-2.251769999999965,0,1
143,Ludlow,E34003206,10532,10570,10555,10591,10519,10477,10537,10516,10557,Small Town,52.370570000000036,-2.718999999999937,0,2
144,Bingham,E34003218,9153,9214,9491,9706,9930,10051,10220,10268,10197,Small Town,52.95061000000004,-0.956389999999942,0,1
145,Lewes,E34003222,17357,17575,17657,17822,17767,17890,17880,17980,17943,Small Town,50.87322000000007,0.010630000000048769,1,2
146,Haxby,E34003244,11862,11782,11792,11808,11807,11902,11771,11715,11679,Small Town,54.015720000000044,-1.0740299999999363,0,1
147,Shaftesbury,E34003253,7324,7750,7944,8152,8431,8637,8726,8782,8935,Small Town,51.006050000000066,-2.187339999999949,0,1
148,Calne,E34003294,17335,17317,17494,17753,18007,18126,18089,18204,18408,Small Town,51.43767000000002,-2.0049299999999453,0,1
149,King's Hill,E34003297,7527,7788,7989,8284,8449,8585,8883,8935,8996,Small Town,51.27242000000007,0.3880600000000527,0,1
150,Beccles,E34003308,13868,13918,14021,14072,14121,14123,14167,14192,14197,Small Town,52.453670000000045,1.5668700000000513,0,4
151,Tiptree,E34003332,9168,9199,9113,9247,9301,9331,9220,9186,9219,Small Town,51.81645000000003,0.7453500000000304,0,2
152,Leighton Buzzard,E34003354,37648,38397,39145,39867,40697,41366,41814,42050,42573,Medium Town,51.91735000000007,-0.6638999999999555,1,3
153,Broughton Astley,E34003376,8994,9037,9017,8914,8893,8886,8950,9144,9220,Small Town,52.53192000000006,-1.2252299999999536,1,0
154,Brandon (Forest Heath),E34003397,9178,9017,9082,9357,9406,9213,9484,9474,9343,Small Town,52.44218216592756,0.6212679545955407,0,1
155,Bourne,E34003418,13948,14191,14591,15006,15473,15810,16145,16470,16780,Small Town,52.76962000000003,-0.3769799999999464,0,4
156,Cheadle,E34003425,11438,11388,11335,11313,11280,11303,11223,11232,11353,Small Town,53.395260000000064,-2.2124299999999266,1,5
157,Fleetwood,E34003462,25320,25169,25214,25303,25464,25575,25659,25553,25632,Medium Town,53.921350000000075,-3.0144099999999416,0,2
158,Shildon,E34003463,9957,9905,9830,9782,9812,9802,9908,9984,9938,Small Town,54.62888000000004,-1.6522999999999683,0,1
159,Ashby-de-la-Zouch,E34003491,12389,12425,12648,12806,13096,13435,13803,14157,14528,Small Town,52.74816000000004,-1.4741699999999582,0,3
160,Harpenden,E34003511,30314,30425,30550,30769,30925,31141,31167,31392,31613,Medium Town,51.816340000000075,-0.3566499999999451,1,1
161,Attleborough,E34003517,10596,10649,10852,10906,11050,11306,11518,11632,11659,Small Town,52.51907000000007,1.0144600000000423,0,2
162,Fleet,E34003525,38877,39448,39987,40306,40847,41048,41233,41592,42262,Medium Town,51.27688000000007,-0.8424199999999473,5,2
163,Wantage,E34003553,18574,18700,19006,19059,18985,19118,19397,19610,19834,Small Town,51.59182000000004,-1.4236999999999398,1,1
164,New Ollerton,E34003574,9846,9905,10039,10204,10375,10556,10623,10819,10955,Small Town,53.203670000000045,-1.0112799999999424,0,1
165,Uttoxeter,E34003596,13107,13191,13200,13172,13176,13130,13105,13283,13467,Small Town,52.896980000000035,-1.8697799999999347,1,2
166,Bircotes,E34003597,7960,7907,7861,7785,7864,7941,8134,8303,8506,Small Town,53.416600000000074,-1.0503099999999677,0,1
167,North Walsham,E34003606,12467,12415,12447,12479,12504,12462,12514,12586,12710,Small Town,52.81850000000003,1.3849100000000476,1,2
168,Seaton (East Devon),E34003628,8387,8421,8444,8402,8502,8562,8684,8740,8837,Small Town,50.704770000000046,-3.0751699999999573,0,1
169,Shepshed,E34003678,13497,13560,13526,13601,13671,13773,13969,13863,14059,Small Town,52.77095000000003,-1.2889399999999682,1,1
170,Clacton-on-Sea,E34003679,50547,50889,51271,51836,52544,53016,53398,53685,53768,Medium Town,51.801920000000045,1.1534100000000649,0,7
171,Whitby,E34003687,13196,13097,13182,13048,13049,13045,13029,13014,13143,Small Town,54.48522000000003,-0.6151399999999398,0,3
172,Ashbourne,E34003707,8385,8391,8488,8538,8612,8676,8801,8993,9163,Small Town,53.018290000000036,-1.7325999999999342,1,2
173,Congleton,E34003723,26222,26387,26360,26341,26405,26322,26250,26379,26380,Medium Town,53.16411000000005,-2.211819999999932,0,4
174,Todmorden,E34003742,11686,11929,11893,11974,12035,12080,12115,12159,12171,Small Town,53.71431000000007,-2.097299999999961,0,2
175,Stocksbridge,E34003743,13052,12972,12832,12866,12854,12800,12909,12979,13053,Small Town,53.48195000000004,-1.5910999999999262,0,2
176,Shifnal,E34003749,6242,6254,6375,6498,6623,6727,6995,7267,7618,Small Town,52.665480000000066,-2.372729999999933,1,0
177,Twyford (Wokingham),E34003750,7557,7608,7685,7626,7670,7671,7647,7801,7854,Small Town,51.42598079548841,-0.8397310095047935,0,1
178,Spennymoor,E34003756,17756,18016,18124,18304,18496,18745,18917,19226,19607,Small Town,54.701970000000074,-1.582189999999969,0,4
179,Alton (East Hampshire),E34003769,18323,18427,18645,18749,19099,19293,19268,19371,19785,Small Town,51.14765000000007,-0.974869999999953,1,2
180,Neston,E34003804,15053,15025,15015,15138,15242,15210,15202,15124,15104,Small Town,53.29072000000008,-3.0645699999999465,0,2
181,Middlewich,E34003809,13628,13654,13666,13891,13961,14109,14138,14084,14130,Small Town,53.19233000000003,-2.4531699999999432,0,2
182,Edenbridge,E34003851,8218,8349,8573,8820,8838,8816,8831,8955,9004,Small Town,51.19741000000005,0.06473000000005412,2,1
183,Maryport,E34003862,9564,9555,9618,9605,9463,9556,9517,9501,9538,Small Town,54.71250000000003,-3.49643999999995,0,1
184,Wymondham (South Norfolk),E34003864,13665,13749,14012,14374,14778,14908,15267,15606,16441,Small Town,52.57033000000007,1.1159500000000548,2,3
185,Saltash,E34003892,15588,15759,15746,15924,15847,15830,15919,15891,15762,Small Town,50.40883000000007,-4.213239999999929,0,1
186,Potters Bar,E34003904,22697,22683,22667,22943,23137,23367,23537,23505,23429,Small Town,51.693130000000046,-0.1783299999999599,0,2
187,Clevedon,E34003928,21039,20981,21090,21100,21217,21175,21117,21128,21138,Small Town,51.43593000000004,-2.8550599999999804,0,4
188,Tavistock,E34004090,12305,12314,12376,12493,12384,12485,12504,12471,12545,Small Town,50.55008000000004,-4.144849999999963,0,3
189,Codsall,E34004099,11679,11662,11669,11708,11682,11681,11674,11752,11886,Small Town,52.62661000000003,-2.1801099999999565,0,1
190,Cockermouth,E34004122,9144,9171,9189,9167,9254,9202,9382,9372,9495,Small Town,54.66370000000007,-3.3649299999999585,0,3
191,Blandford Forum,E34004125,11759,12037,12151,12249,12331,12323,12362,12344,12363,Small Town,50.86262000000005,-2.1587999999999283,0,3
192,Sittingbourne,E34004134,49189,49829,50341,51019,51354,52144,52553,53091,53554,Medium Town,51.340840000000064,0.7379100000000562,0,5
193,Newhaven,E34004141,13255,13295,13302,13498,13647,13846,14019,14031,14118,Small Town,50.79510000000005,0.046180000000049404,0,2
194,Hadleigh,E34004142,8164,8098,8321,8556,8656,8749,8676,8734,8825,Small Town,51.551330000000064,0.6140900000000329,1,2
195,Thetford,E34004143,24986,25432,25659,26246,26629,27010,27269,27286,27290,Medium Town,52.413290000000075,0.7407200000000671,0,5
196,Annfield Plain,E34004151,10398,10413,10379,10566,10776,10833,10808,10794,10894,Small Town,54.85943000000003,-1.7385299999999688,0,1
197,Westbury (Wiltshire),E34004157,17056,17210,17535,17708,17769,17711,17860,17905,18057,Small Town,51.25746000000004,-2.1851299999999583,0,3
198,Towcester,E34004170,9101,9128,9228,9407,9544,9578,9721,9885,10354,Small Town,52.13059000000004,-0.9871099999999728,1,2
199,Totnes,E34004175,8083,8193,8295,8372,8302,8316,8496,8724,8844,Small Town,50.43449000000004,-3.689839999999947,0,2
200,Hinckley,E34004181,45375,45742,46110,46765,47391,48182,48841,49408,49741,Medium Town,52.54245000000003,-1.3727199999999584,0,5
201,Yarm,E34004185,19188,19271,19363,19407,19432,19464,19570,19571,19896,Small Town,54.508600000000065,-1.354129999999941,0,3
202,Princes Risborough,E34004187,8214,8350,8301,8255,8148,8159,8017,8029,8101,Small Town,51.72182000000004,-0.8324499999999375,0,1
203,Seaham,E34004190,22371,22415,22442,22474,22507,22660,22579,22651,22578,Small Town,54.83768000000003,-1.3416499999999587,0,2
204,Hexham,E34004191,11382,11349,11310,11369,11291,11321,11371,11400,11378,Small Town,54.969990000000045,-2.1012699999999427,1,2
205,Belper,E34004193,23484,23599,23829,23991,24007,24085,24101,23977,23891,Small Town,53.028860000000066,-1.47593999999998,0,3
206,Littleport,E34004196,7970,8118,8290,8486,8643,8707,8869,8916,9053,Small Town,52.459370000000035,0.3020700000000716,0,1
207,Berwick-upon-Tweed,E34004204,13256,13329,13431,13439,13399,13426,13479,13476,13516,Small Town,55.77161000000007,-2.0074899999999616,0,4
208,Stratford-upon-Avon,E34004210,27941,28002,28541,28701,28813,29121,29565,30095,30543,Medium Town,52.194240000000036,-1.707519999999931,1,4
209,Wombourne,E34004213,13528,13522,13578,13542,13617,13555,13628,13687,13680,Small Town,52.536850000000065,-2.187309999999968,0,1
210,Burgess Hill,E34004217,30735,31019,31108,31338,31597,31911,31889,32264,32495,Medium Town,50.95553000000007,-0.1391899999999282,1,2
211,Spalding,E34004218,31702,32128,32615,33482,34092,34674,35135,35702,36334,Medium Town,52.788370000000036,-0.15148999999996704,0,5
212,Ampthill,E34004222,20074,20391,20611,20830,21056,21267,21339,21593,22089,Small Town,52.028400000000026,-0.4947899999999663,2,1
213,Matlock,E34004225,14955,15105,15064,15248,15509,15497,15647,15652,15864,Small Town,53.135700000000035,-1.5482099999999264,0,1
214,Morpeth,E34004229,14377,14410,14510,14640,14581,14526,14698,14936,15130,Small Town,55.16747000000004,-1.690309999999954,1,2
215,Fakenham,E34004233,8303,8328,8457,8478,8440,8433,8464,8552,8614,Small Town,52.83470000000007,0.8502300000000673,1,3
216,Lydney,E34004240,8769,8816,8869,9056,9147,9265,9209,9243,9386,Small Town,51.724600000000066,-2.535549999999944,0,1
217,Brentwood,E34004246,52808,52989,53555,54452,54956,55072,54885,54977,55285,Medium Town,51.62065000000007,0.3035100000000739,0,1
218,Kirkby,E34004262,42775,42739,42828,42633,42811,42987,43136,43368,43796,Medium Town,53.09982000000008,-1.2437899999999331,0,1
219,Desborough,E34004266,10721,11011,11097,11205,11152,11213,11445,11515,11520,Small Town,52.440300000000036,-0.8230599999999413,0,1
220,Biddulph,E34004267,17713,17725,17762,17914,18023,18101,18198,18077,18049,Small Town,53.115800000000036,-2.176119999999969,0,1
221,Featherstone (Wakefield),E34004270,11088,11110,11136,11194,11257,11447,11655,11834,11959,Small Town,53.675432320256576,-1.3686545971889492,0,2
222,Witney,E34004274,29219,29465,29784,29863,30143,30153,30310,30426,30518,Medium Town,51.782640000000065,-1.4961699999999496,1,2
223,Liskeard,E34004277,9269,9352,9382,9553,9480,9489,9453,9574,9552,Small Town,50.453810000000026,-4.4660599999999695,0,2
224,Faversham,E34004278,19887,19872,19939,20174,20248,20357,20468,20571,20606,Small Town,51.309730000000066,0.882910000000038,0,3
225,Market Harborough,E34004281,22986,23325,23802,24111,24869,25142,25446,25669,26059,Medium Town,52.47953000000007,-0.9226299999999696,1,3
226,Evesham,E34004292,23702,24015,24239,24537,25589,26422,27382,27913,28482,Medium Town,52.09177000000005,-1.9486199999999485,0,5
227,Canvey Island,E34004293,38142,38179,38156,38383,38567,38740,38602,38689,38849,Medium Town,51.52041000000003,0.5922800000000734,1,4
228,Great Malvern,E34004294,36796,37104,37437,37898,37898,37989,38026,38263,38204,Medium Town,52.11143000000004,-2.329929999999933,1,3
229,Cambourne,E34004302,8334,8729,8970,9475,9638,9917,10076,10390,10487,Small Town,52.22067000000004,-0.07124999999996362,0,1
230,Salisbury,E34004306,44791,44909,44805,45137,45657,45824,46309,46201,46292,Medium Town,51.069540000000075,-1.8002599999999802,1,3
231,Crewkerne,E34004321,7841,7925,7912,8069,8001,8000,7962,8023,8025,Small Town,50.884520000000066,-2.795979999999929,1,1
232,Ilkley,E34004322,14752,14659,14829,14870,15041,15066,15033,14836,14811,Small Town,53.924450000000036,-1.8221799999999464,0,3
233,Skegness,E34004327,24876,24788,24731,24874,25015,25080,25221,25525,25641,Medium Town,53.14527000000004,0.33700000000004593,0,4
234,Formby,E34004335,23297,23298,23221,23253,23209,23275,23365,23314,23207,Small Town,53.55678000000007,-3.061349999999948,1,1
235,Sandbach,E34004336,17994,18138,18194,18216,18655,19052,19482,20154,20755,Small Town,53.143470000000036,-2.365169999999978,1,1
236,St Ives (Cornwall),E34004338,9966,10009,10038,10025,9899,9778,9650,9616,9505,Small Town,50.210320000000074,-5.485689999999976,0,1
237,Pocklington,E34004340,8360,8377,8474,8498,8661,8822,8972,9118,9468,Small Town,53.93067000000008,-0.7782499999999573,0,1
238,Melton Mowbray,E34004343,27248,27429,27456,27631,27472,27511,27408,27623,27670,Medium Town,52.766440000000046,-0.8898099999999545,0,6
239,Catterick Garrison,E34004346,12955,13395,13372,12357,11981,13070,12673,12267,12574,Small Town,54.377000000000066,-1.7226599999999619,0,4
240,Tonbridge,E34004349,38703,39206,39187,39647,40268,40571,40968,41293,41624,Medium Town,51.200130000000065,0.2764900000000239,1,3
241,Penkridge,E34004367,7816,7734,7772,7744,7815,7763,7695,7871,7993,Small Town,52.72299000000004,-2.116059999999948,1,0
242,Boston,E34004383,41340,41654,42573,43174,43713,44337,44914,45618,46092,Medium Town,52.97478000000007,-0.02937999999994645,0,6
243,Crowborough,E34004388,20744,20978,21241,21583,21644,21859,21876,21915,21890,Small Town,51.05322000000007,0.17190000000005054,2,3
244,King's Lynn,E34004389,46198,46592,46907,47650,48144,48537,49000,48821,48691,Medium Town,52.757300000000036,0.4157300000000532,0,7
245,Haywards Heath,E34004392,33962,34535,35282,36042,36574,37277,37683,38062,38509,Medium Town,50.997230000000066,-0.10297999999994543,1,1
246,Bridgwater,E34004393,41479,41728,42357,42829,43470,43782,44095,44288,44394,Medium Town,51.12760000000003,-3.013699999999972,0,5
247,Gainsborough,E34004397,20922,21053,21354,21821,22191,22730,22841,23023,23243,Small Town,53.395910000000065,-0.7728099999999358,0,4
248,Dover,E34004398,41771,42048,42476,43113,43297,43932,44430,44846,45013,Medium Town,51.125760000000064,1.3177400000000716,0,5
249,Oxted,E34004409,13468,13461,13549,13576,13575,13621,13606,13634,13840,Small Town,51.25501000000003,-0.0031199999999671486,0,1
250,Shepton Mallet,E34004415,10408,10458,10360,10476,10641,10685,10689,10731,10810,Small Town,51.189760000000035,-2.5469199999999432,0,2
251,Barnstaple,E34004471,31654,31532,31548,31639,31710,31819,32161,32411,32775,Medium Town,51.078440000000064,-4.055789999999945,0,6
252,Melksham,E34004479,19404,19324,19246,19362,19482,19569,19681,19794,19618,Small Town,51.37438000000003,-2.1352399999999534,1,4
253,Warminster,E34004483,17740,17774,17869,17830,17929,17797,17816,17904,17824,Small Town,51.20533000000007,-2.18315999999993,1,2
254,Bridport,E34004484,13722,13653,13615,13683,13655,13651,13590,13690,13651,Small Town,50.733580000000075,-2.7579899999999498,1,2
255,Thame,E34004485,11359,11482,11612,11636,11603,11715,11571,11514,11565,Small Town,51.74856000000007,-0.9799899999999298,1,1
256,Durham,E34004487,47672,48196,49633,49780,50030,51039,51837,53717,55507,Medium Town,54.777570000000075,-1.5747499999999377,3,0
257,Redcar,E35000002,37104,37128,36849,36945,37156,37367,37480,37680,38001,Medium Town,54.614040000000045,-1.0681999999999334,0,3
258,Kidderminster,E35000003,55591,55748,55967,56337,56795,57155,57697,57918,57929,Medium Town,52.38832000000008,-2.2500099999999748,1,5
259,Chadderton,E35000004,34836,35140,35157,35339,35722,35799,35902,36146,36208,Medium Town,53.54508000000004,-2.1412299999999505,0,3
260,Longbenton,E35000006,37185,37260,37408,37475,37449,37694,37858,38365,38778,Medium Town,55.01084000000003,-1.5799299999999334,0,4
261,Ramsbottom,E35000015,17870,17927,17837,17789,17827,17799,17746,17651,17632,Small Town,53.648690000000045,-2.318519999999978,0,2
262,Holmfirth,E35000021,21682,21687,21799,21824,21969,21988,22147,21992,22001,Small Town,53.571570000000065,-1.7865199999999388,0,1
263,Wednesbury,E35000035,19032,19153,19397,19402,19347,19387,19366,19435,19404,Small Town,52.55273000000005,-2.0191599999999426,0,4
264,Bursledon,E35000036,6995,7054,6997,7086,7161,7122,7102,7274,7713,Small Town,50.88981000000007,-1.314679999999953,0,2
265,Urmston,E35000044,41830,41804,42015,42342,42194,42129,42279,42248,42114,Medium Town,53.44687000000005,-2.3527999999999447,0,3
266,Poynton,E35000050,15264,15295,15038,15242,15205,15173,15146,15161,15407,Small Town,53.348730000000046,-2.122419999999977,1,2
267,Hindley,E35000052,24508,24582,24448,24438,24663,24588,24700,24789,24853,Small Town,53.533620000000035,-2.5808399999999665,0,2
268,Innsworth,E35000057,13572,13700,13815,13905,13809,14025,14007,14252,14707,Small Town,51.88856000000004,-2.202959999999962,0,2
269,Uppermill,E35000064,13451,13427,13588,13583,13685,13793,13704,13708,13666,Small Town,53.54758000000004,-2.0063699999999467,0,1
270,Sedgley,E35000069,30972,30963,30963,31219,31202,31198,31313,31381,31224,Medium Town,52.54512000000005,-2.123029999999972,1,1
271,Sandy,E35000070,10936,11113,11344,11427,11580,11787,11777,11812,11818,Small Town,52.12928000000005,-0.2911099999999465,0,1
272,Launceston,E35000071,7639,7876,8103,8346,8583,8665,8837,9097,9317,Small Town,50.637180000000065,-4.363279999999975,0,2
273,Gorleston-on-Sea,E35000079,24767,24757,24690,24744,24704,24804,24726,24714,24839,Small Town,52.57301000000007,1.7306900000000385,0,1
274,Ware,E35000104,18868,19034,19278,19517,19692,19903,20004,19970,20092,Small Town,51.81746000000004,-0.035499999999956344,0,2
275,Baldock,E35000114,10271,10321,10467,10638,10600,10621,10670,10576,10624,Small Town,51.988830000000064,-0.18786999999997533,0,3
276,Letchworth Garden City,E35000115,33305,33692,33839,34220,34227,34453,34697,34473,34503,Medium Town,51.980090000000075,-0.22685999999993103,2,1
277,Chorley,E35000120,36419,37061,37628,37813,37988,38431,38557,38724,38958,Medium Town,53.65204000000006,-2.6321099999999547,0,6
278,Guiseley,E35000121,11923,12183,12327,12420,12429,12532,12545,12492,12320,Small Town,53.871910000000064,-1.7104699999999298,0,2
279,Swanley,E35000135,16275,16407,16396,16564,16732,17032,17138,17243,17423,Small Town,51.39811000000003,0.17388000000005374,0,3
280,Horwich,E35000136,19500,19672,19710,19846,19876,19816,19742,19662,19764,Small Town,53.60067000000004,-2.5470599999999313,0,3
281,Romiley,E35000157,34739,34694,34869,34881,35071,35194,35144,35143,35329,Medium Town,53.41384000000005,-2.090919999999926,0,2
282,Clifton (City of Nottingham),E35000158,22315,22846,22788,22865,23064,23166,23147,23073,22822,Small Town,52.908710000000035,-1.185299999999927,0,2
283,South Elmsall,E35000159,10369,10375,10356,10441,10642,10786,10991,11263,11301,Small Town,53.598720000000064,-1.2813299999999683,0,1
284,Ashton-in-Makerfield,E35000166,28772,28697,28622,28627,28503,28386,28397,28340,28283,Medium Town,53.48333000000007,-2.6499999999999773,0,1
285,Prescot,E35000170,37885,37915,38129,38182,38319,38213,38321,38290,38570,Medium Town,53.430260000000025,-2.8030099999999716,0,6
286,Eccles,E35000181,38750,39202,39118,39608,39942,40428,40936,41179,41552,Medium Town,55.666930000000036,-2.3759399999999573,0,2
287,Syston,E35000193,12790,13020,13273,13534,13629,13838,13861,14046,14175,Small Town,52.69915000000003,-1.072999999999979,0,3
288,Morley,E35000194,29662,29771,29896,29753,29721,29658,29673,29808,29893,Medium Town,53.74434000000008,-1.6053499999999303,0,3
289,Rothwell,E35000203,19505,19539,19659,19500,19569,19534,19504,19410,19225,Small Town,52.42234000000008,-0.8031299999999533,0,1
290,Aldershot,E35000207,57344,57873,57705,57891,58074,58641,58562,58576,58511,Medium Town,51.24969000000005,-0.7595199999999522,0,3
291,Dunstable,E35000218,30320,30861,31352,31850,32103,32603,33035,33628,34157,Medium Town,51.88595000000004,-0.520849999999939,0,6
292,Hazel Grove,E35000224,19351,19406,19426,19446,19534,19608,19715,19593,19543,Small Town,53.375000000000064,-2.1135799999999563,0,4
293,New Milton,E35000229,19972,20154,20269,20302,20360,20456,20466,20437,20463,Small Town,50.757970000000064,-1.6713099999999486,0,3
294,Heckmondwike,E35000230,12106,12112,12142,12386,12501,12601,12658,12630,12592,Small Town,53.71366000000007,-1.6775299999999334,0,2
295,Altrincham,E35000243,52549,53025,53717,54645,54657,55157,55531,55883,56112,Medium Town,53.38671000000005,-2.3491799999999334,1,2
296,Bilston,E35000247,29610,29874,30041,30529,31199,31866,32381,32982,33518,Medium Town,52.56688000000002,-2.0748199999999315,1,2
297,Woodbridge,E35000248,11341,11363,11415,11483,11531,11527,11628,11632,11715,Small Town,52.105470000000075,1.3254000000000588,1,0
298,Winchester,E35000251,45256,45822,45996,46379,46994,47988,48530,48546,48603,Medium Town,51.06303000000002,-1.3167699999999627,0,2
299,Denton,E35000254,36604,36576,36488,36457,36472,36249,36100,36203,36089,Medium Town,53.45601000000005,-2.1136799999999307,0,7
300,Plymstock,E35000255,25114,25086,24975,24970,25135,25314,25610,25861,26115,Medium Town,50.355840000000065,-4.086639999999932,0,4
301,Irlam,E35000257,19965,20094,20254,20412,20355,20378,20426,20376,20264,Small Town,53.44008000000007,-2.4253999999999682,0,2
302,Bedworth,E35000258,30664,30789,30874,30930,30920,31050,31222,30925,31134,Medium Town,52.47816000000007,-1.4718499999999608,0,2
303,Whickham,E35000262,16629,16542,16530,16505,16409,16192,16162,16085,16000,Small Town,54.94586000000004,-1.6776599999999462,0,5
304,Kirkby-in-Ashfield,E35000267,26959,27290,27528,27714,27730,27960,28250,28413,28650,Medium Town,53.09898000000004,-1.2452499999999418,0,1
305,Swinton,E35000278,25370,25560,25505,25720,25729,25834,25554,25380,25248,Medium Town,53.51151000000005,-2.3389499999999543,1,6
306,St Austell,E35000280,23900,24248,24670,24898,25192,25532,25663,25840,26037,Medium Town,50.337400000000066,-4.7923099999999295,0,1
307,Swallownest,E35000281,15066,15097,15155,15201,15134,15194,15189,15142,15166,Small Town,53.362070000000074,-1.3250999999999635,0,2
308,Great Harwood,E35000289,10786,10819,10861,10861,10894,10870,10851,10890,10990,Small Town,53.78700000000004,-2.407619999999952,0,3
309,Knottingley,E35000295,14003,14006,14029,14128,14252,14351,14516,14469,14569,Small Town,53.70822000000004,-1.2574299999999423,0,2
310,Cullompton,E35000297,7476,7515,7800,7944,7985,8020,8271,8368,8407,Small Town,50.85817000000003,-3.392599999999959,0,2
311,Wednesfield,E35000298,25294,25180,25207,25067,25271,25397,25422,25357,25374,Medium Town,52.60391000000004,-2.074729999999932,0,3
312,Ince-in-Makerfield,E35000312,12283,12498,12491,12622,12696,12765,12964,13016,12982,Small Town,53.533330000000035,-2.6166699999999423,0,2
313,Crowthorne,E35000322,14238,14421,14461,14432,14561,14663,14292,14607,14790,Small Town,51.36997000000007,-0.8019899999999325,0,1
314,Bromsgrove,E35000326,33544,34003,34395,34645,34641,34835,35193,35653,36215,Medium Town,52.33662000000004,-2.058149999999955,1,4
315,Gatley,E35000338,20969,21054,21214,21356,21487,21516,21482,21600,21627,Small Town,53.39264000000003,-2.2350699999999506,0,3
316,Bloxwich,E35000339,47313,47461,48033,49016,49674,50479,51135,51724,52240,Medium Town,52.62041000000005,-2.004169999999931,0,1
317,Heathfield,E35000348,7772,7801,7824,7871,7893,8031,8066,8173,8153,Small Town,50.97224000000006,0.25378000000006296,1,1
318,Euxton,E35000354,8122,8027,7990,8030,8000,7947,7892,7872,8008,Small Town,53.67031000000003,-2.6762699999999318,0,1
319,Kingswinford,E35000357,50754,50654,50922,50855,50689,50839,50888,51010,51099,Medium Town,52.49579000000006,-2.16766999999993,1,2
320,Uckfield,E35000358,15281,15529,15925,16246,16215,16280,16287,16351,16187,Small Town,50.971960000000074,0.09672000000006163,1,1
321,Trowbridge,E35000362,39595,39901,40580,41501,42257,43079,43362,43406,43451,Medium Town,51.31570000000005,-2.2077299999999696,0,4
322,Redhill,E35000363,34727,35203,35683,36656,36823,37252,37383,37445,37818,Medium Town,51.238150000000076,-0.16885999999993828,0,2
323,Addlestone,E35000364,15912,16017,16280,16577,17098,17394,17740,17792,18084,Small Town,51.371670000000044,-0.4935099999999579,1,3
324,Haydock,E35000368,16525,16545,16503,16584,16574,16587,16574,16458,16340,Small Town,53.467630000000035,-2.684399999999925,0,3
325,Smethwick,E35000380,49060,49356,49718,50001,50925,51969,52841,53047,53663,Medium Town,52.49626000000006,-1.9716899999999669,0,2
326,Sutton in Ashfield,E35000381,45827,46124,46525,46938,47376,47728,48137,48359,48527,Medium Town,53.121850000000045,-1.2769899999999552,0,3
327,Kidlington,E35000382,15075,14978,15067,15313,15279,15207,15277,15343,15235,Small Town,51.821120000000064,-1.2877399999999284,0,1
328,Chigwell,E35000386,10398,10448,10501,10643,10869,10887,11034,11038,11025,Small Town,51.61893000000003,0.07511000000005197,1,4
329,Ossett,E35000387,21261,21301,21510,21622,21657,21691,21871,22066,22005,Small Town,53.68423000000006,-1.5878399999999715,1,1
330,Mansfield Woodhouse,E35000388,18562,18513,18633,18681,18638,18658,18682,18652,18713,Small Town,53.16520000000003,-1.1834299999999305,0,2
331,Brierley Hill,E35000397,31565,31721,31760,31718,31674,31566,31814,31991,32149,Medium Town,52.48289000000005,-2.1211799999999243,0,4
332,Harwich,E35000402,19733,19918,20053,20308,20556,20620,20864,21054,21041,Small Town,51.93728000000005,1.2811400000000503,0,1
333,Kendal,E35000404,28653,28754,28906,28874,29066,29134,29385,29604,29672,Medium Town,54.32400000000007,-2.748029999999972,0,4
334,Mirfield,E35000417,19324,19340,19544,19662,19643,19820,19815,19781,19780,Small Town,53.67542000000003,-1.6973299999999654,0,1
335,Higham Ferrers,E35000422,8099,8203,8359,8407,8473,8635,8878,9012,9015,Small Town,52.309600000000046,-0.5934799999999427,0,1
336,Norton-on-Derwent,E35000424,7101,7184,7287,7400,7717,7880,7908,8030,8077,Small Town,54.125060000000076,-0.7930099999999243,0,1
337,Westhoughton,E35000429,24122,24186,24263,24244,24238,24252,24116,23903,23840,Small Town,53.54886000000005,-2.521639999999934,0,2
338,Felixstowe,E35000431,23544,23595,23691,23761,23918,24257,24408,24470,24437,Small Town,51.96234000000004,1.3436100000000692,0,3
339,Yate,E35000436,30037,30218,30436,30528,30634,30651,30626,30671,30397,Medium Town,51.53952000000004,-2.4095799999999485,0,3
340,Whitehaven,E35000439,23996,23945,23896,23894,23827,23741,23668,23588,23430,Small Town,54.54685000000007,-3.5856899999999428,2,4
341,Wisbech,E35000453,31639,31741,31960,32369,32938,33698,34250,34403,34655,Medium Town,52.67074000000007,0.15663000000006375,0,5
342,Dukinfield,E35000458,20932,20877,20883,20958,20922,21099,21139,21194,21310,Small Town,53.476140000000036,-2.0921999999999343,0,1
343,Falmouth,E35000462,22720,22992,23210,23274,23368,23761,23968,24118,23957,Small Town,50.152210000000075,-5.079999999999926,0,1
344,Farnworth,E35000467,26997,27198,27331,27527,27687,27779,27855,28056,28384,Medium Town,53.54888000000005,-2.3936199999999417,0,3
345,Sawbridgeworth,E35000470,9832,10122,10265,10473,10577,10686,10607,10629,10579,Small Town,51.81262000000004,0.1472800000000234,1,0
346,Whitstable,E35000473,32021,32241,32581,32887,33342,33454,33505,33239,33236,Medium Town,51.362310000000036,1.0266400000000429,0,2
347,Cleckheaton,E35000475,11655,11596,11795,11897,11911,11864,11901,11951,11983,Small Town,53.725130000000036,-1.7118899999999255,0,1
348,Halesowen,E35000476,58172,58053,58351,58601,58925,59348,59299,59577,59669,Medium Town,52.450960000000066,-2.0518499999999453,0,3
349,Nailsea,E35000477,16064,15947,15967,15937,15897,15999,16011,15879,15936,Small Town,51.43580000000003,-2.76034999999996,1,1
350,Ashford (Spelthorne),E35000481,28111,28412,28590,28748,28821,28742,28676,28813,28862,Medium Town,51.418510443005154,-0.4427256718047843,1,4
351,Great Notley,E35000490,7765,7830,7814,7836,7893,7848,7736,7791,7845,Small Town,51.86542000000003,0.5288000000000466,0,1
352,Hatfield,E35000502,37629,38194,39307,40202,41587,43708,44821,45361,45390,Medium Town,51.76137000000006,-0.2327099999999405,0,2
353,Burnham-on-Sea,E35000507,23358,23195,23344,23680,23792,24036,24065,24016,23948,Small Town,51.23848000000004,-2.993709999999965,0,2
354,Bingley,E35000510,22470,22528,22724,22778,22814,22843,22895,22855,22740,Small Town,53.84931000000007,-1.8389899999999668,0,2
355,Crosby,E35000514,50048,49989,50002,50140,49931,49959,49887,50197,50193,Medium Town,53.49070000000007,-3.0248899999999708,0,2
356,Hessle,E35000523,14517,14569,14436,14423,14330,14314,14491,14631,14706,Small Town,53.722980000000064,-0.43361999999996215,1,3
357,Bishop Auckland,E35000528,24912,24995,25215,25271,25334,25393,25445,25552,25433,Medium Town,54.65007000000003,-1.6804999999999382,0,6
358,Immingham,E35000529,10759,10795,10808,10842,10810,10976,11056,11037,11158,Small Town,53.61148000000003,-0.22402999999997064,0,1
359,Bootle,E35000538,51502,51283,51156,51070,51365,51757,51964,52079,52835,Medium Town,53.45595000000003,-2.9859499999999457,0,11
360,Polegate,E35000551,9004,9155,9366,9542,9991,10302,10576,10723,10806,Small Town,50.821390000000065,0.24421000000006646,0,2
361,Great Wyrley,E35000562,18396,18244,18256,18429,18514,18604,18608,18490,18467,Small Town,52.66059000000007,-2.0105599999999413,1,1
362,Broadstairs,E35000565,23623,23660,23986,24309,23976,24297,24543,24458,24517,Small Town,51.35870000000007,1.440810000000056,0,4
363,Banstead,E35000567,10650,10884,10838,10913,10832,10780,10931,10728,10643,Small Town,51.32324000000007,-0.19925999999992428,3,1
364,Cheadle,E35000569,13482,13570,13509,13645,13735,13697,13848,13913,14077,Small Town,53.395260000000064,-2.2124299999999266,1,5
365,Rawtenstall,E35000572,23171,23222,23380,23642,23606,23757,24155,24364,24519,Small Town,53.70037000000008,-2.279499999999928,0,4
366,Houghton Regis,E35000573,16711,16973,17156,17314,17558,17813,17962,18388,18700,Small Town,51.90641000000005,-0.5142099999999346,2,2
367,Rowley Regis,E35000574,34322,34244,34566,35018,35047,35125,35325,35924,35791,Medium Town,52.48392000000007,-2.044699999999977,0,3
368,Workington,E35000575,22130,22116,22218,22255,22233,22367,22186,22268,22406,Small Town,54.63891000000007,-3.5499499999999666,0,5
369,Billingham,E35000580,35400,35226,35204,35288,35176,34964,34779,34402,34169,Medium Town,54.606850000000065,-1.2939899999999511,0,3
370,Hebburn,E35000582,19153,19172,19092,19192,19403,19593,19685,20185,20589,Small Town,54.973990000000065,-1.5108599999999797,0,1
371,Midsomer Norton,E35000583,12408,12448,12599,12761,13105,13389,13539,13720,13882,Small Town,51.28672000000007,-2.487169999999935,1,3
372,Aldridge,E35000588,39417,39227,39274,39672,39523,39488,39348,39321,39466,Medium Town,52.60479000000004,-1.9153299999999265,1,1
373,Kimberley,E35000589,11361,11446,11441,11527,11624,11702,11715,11694,11736,Small Town,52.997450000000065,-1.256819999999948,0,1
374,Macclesfield,E35000590,56677,56829,56991,57035,56638,56801,56654,56287,56366,Medium Town,53.25609000000003,-2.1265699999999583,0,3
375,Windsor,E35000591,31529,31865,32128,32285,32284,32389,32207,32608,32640,Medium Town,51.478800000000035,-0.6246199999999362,1,1
376,Walkden,E35000595,21204,21160,21132,21291,21054,21263,21399,21794,22356,Small Town,53.52158000000003,-2.4004699999999275,0,2
377,Darlaston,E35000597,18845,18937,19136,19469,19704,20012,20319,20678,20995,Small Town,52.56697000000002,-2.034449999999936,0,2
378,Burton Latimer,E35000603,7477,7623,7971,8138,8758,9106,9459,9669,9778,Small Town,52.36545000000007,-0.689869999999928,0,1
379,Hucknall,E35000605,32128,32325,32935,33282,33709,33952,34924,35344,35797,Medium Town,53.032380000000046,-1.2091799999999466,0,6
380,Oldbury (Sandwell),E35000608,24049,24412,24437,24578,24882,25161,25488,25563,25740,Medium Town,52.501898315755476,-1.9996270478124691,0,2
381,Stalybridge,E35000618,26520,26650,26708,26786,26739,26723,27000,27039,27081,Medium Town,53.48353000000003,-2.057519999999954,0,3
382,Bury St Edmunds,E35000624,41154,41424,41782,42049,42073,41961,41940,41732,41554,Medium Town,52.24992000000003,0.7092900000000668,1,4
383,Romsey,E35000629,16995,16959,16838,16764,16934,17177,17472,17561,17691,Small Town,50.98858000000007,-1.4953799999999546,1,1
384,Caterham,E35000631,21518,21751,22003,22271,22570,22641,23013,23221,23511,Small Town,51.281570000000045,-0.07692999999994754,1,2
385,Thatcham,E35000633,26063,26221,26367,26384,26356,26330,26217,26179,26135,Medium Town,51.40383000000003,-1.2635899999999651,1,0
386,Carterton,E35000635,16234,17200,17338,16937,16496,16568,16519,16588,16938,Small Town,51.760620000000074,-1.5903799999999253,0,3
387,Darwen,E35000640,28128,28047,27940,27711,27762,27712,27462,27348,27311,Medium Town,53.69430000000007,-2.46718999999996,0,4
388,Horbury,E35000644,10362,10374,10297,10285,10284,10414,10501,10570,10567,Small Town,53.658030000000046,-1.5477999999999383,0,2
389,Braintree,E35000648,41829,42239,42751,42922,43099,43187,43506,43350,43552,Medium Town,51.87775000000005,0.5532400000000735,0,6
390,Carlton (Gedling),E35000652,49342,49517,49668,50011,49982,50307,50257,50743,50815,Medium Town,52.97069000000005,-1.0823399999999308,0,3
391,Wallingford,E35000657,7946,8020,8032,8058,7992,7984,8071,8123,8232,Small Town,51.600900000000074,-1.1256099999999378,1,1
392,Bacup,E35000666,13343,13435,13531,13734,13860,13851,13893,14051,14261,Small Town,53.702690000000075,-2.201069999999959,0,1
393,Tyldesley,E35000668,16185,16246,16401,16548,16559,16615,16615,16599,16640,Small Town,53.513750000000066,-2.4672299999999723,0,2
394,Castleford,E35000669,39315,39744,40340,40713,41234,41550,42219,42952,43625,Medium Town,53.72236000000004,-1.3446699999999507,1,3
395,Heywood,E35000674,28249,28225,28386,28702,29054,29479,29748,29878,30323,Medium Town,53.59351000000004,-2.2184699999999684,1,2
396,Bramhall,E35000676,17417,17323,17293,17392,17382,17465,17424,17368,17254,Small Town,53.35742000000005,-2.1662099999999778,1,1
397,Hartley (Sevenoaks),E35000681,16067,16102,16507,16553,16594,16397,16394,16291,16095,Small Town,51.270200000000045,0.19296000000002775,3,1
398,Worsbrough,E35000689,9129,9067,9020,9032,9096,9173,9259,9240,9247,Small Town,53.52120000000008,-1.4712799999999788,0,1
399,Littlehampton,E35000690,55879,56429,56889,57497,57625,57722,58357,58858,59171,Medium Town,50.821080000000045,-0.5396399999999629,1,8
400,Goole,E35000692,20903,21261,21597,21817,21912,22081,22101,22452,22574,Small Town,53.70449000000008,-0.8745199999999613,0,5
401,Mexborough,E35000697,15255,15123,15200,15192,15470,15521,15541,15636,15570,Small Town,53.49536000000007,-1.299889999999948,0,1
402,Chichester,E35000700,28675,29062,29478,29972,30581,31303,31831,31751,31730,Medium Town,50.836200000000076,-0.7754299999999716,1,0
403,Cromer,E35000707,7942,7875,7837,7904,7854,7903,7960,8000,8014,Small Town,52.92881000000007,1.3031100000000606,0,3
404,Ewell,E35000708,51780,52236,52488,52892,53095,53527,53801,54426,54816,Medium Town,51.35023000000007,-0.24989999999996826,3,2
405,Penryn,E35000718,8486,8875,9190,9316,9474,9826,10321,10446,10499,Small Town,50.168770000000045,-5.105399999999975,0,1
406,Borehamwood,E35000719,35688,35878,36256,36655,37145,37325,37425,37436,37958,Medium Town,51.65609000000007,-0.2752499999999713,0,3
407,Royton,E35000726,23816,23699,23702,23684,23444,23372,23259,23123,22992,Small Town,53.57201000000003,-2.1274299999999466,0,1
408,Shipley,E35000731,28704,28632,28750,28927,28905,28896,28833,28650,28779,Medium Town,53.83814000000007,-1.7727799999999547,0,3
409,Droylsden,E35000734,24172,24180,24203,24001,24111,24278,24180,24235,24519,Small Town,53.47969000000007,-2.1455299999999506,0,9
410,Banbury,E35000745,46722,47109,47429,47625,47617,47527,47230,47232,47447,Medium Town,52.06149000000005,-1.3398899999999685,2,5
411,City of London,E35000758,7189,6405,5854,5952,6492,7046,7454,8480,9483,Small Town,51.52050000000003,-0.09742999999997436,2,0
412,Kempston,E35000760,19378,19570,19963,20340,20674,21005,21156,21275,21131,Small Town,52.115000000000066,-0.5046599999999444,1,2
413,Cirencester,E35000761,16353,16335,16580,16734,16820,16930,16971,17067,17055,Small Town,51.718540000000075,-1.9535399999999756,1,2
414,Whetstone,E35000768,12793,12742,12827,12738,12888,13132,13463,14009,14212,Small Town,52.565150000000074,-1.1799599999999373,2,1
415,Brighouse,E35000772,33296,33330,33429,33438,33663,33874,33883,33716,33874,Medium Town,53.702440000000074,-1.7746199999999703,1,3
416,Whitefield,E35000776,21021,21093,21069,21134,21085,21084,21147,21215,21290,Small Town,53.552280000000046,-2.296479999999974,0,4
417,Truro,E35000778,20473,20666,21000,21436,21337,21606,22092,22334,22623,Small Town,50.26526000000007,-5.05359999999996,2,3
418,Arnold,E35000779,37827,37890,38383,38741,39152,39211,39446,39507,39495,Medium Town,53.00296000000003,-1.129449999999963,0,6
419,Stamford,E35000780,19741,19927,20093,20383,20393,20499,20558,20569,20649,Small Town,52.65211000000005,-0.4803499999999303,1,3
420,Ashton-under-Lyne,E35000787,45369,45463,45658,45734,46141,46751,47237,47395,47826,Medium Town,53.489450000000026,-2.088059999999928,0,5
421,Rushden,E35000811,29562,29759,30203,30559,31012,31570,32124,32368,32372,Medium Town,52.28762000000007,-0.5980199999999627,2,2
422,Horndean,E35000817,46940,46945,47281,47642,48033,48512,48851,49174,49381,Medium Town,50.907550000000064,-1.0060699999999656,0,2
423,Christchurch,E35000835,54363,54389,54843,55399,55665,56100,56061,56498,56779,Medium Town,50.73408000000007,-1.7765299999999795,2,3
424,Great Yarmouth,E35000843,38794,38921,39213,39611,39991,40282,40883,41075,41138,Medium Town,52.61265000000003,1.7240800000000718,0,5
425,Ingleby Barwick,E35000848,20458,20742,21062,21266,21570,21962,22256,22545,22491,Small Town,54.51515000000007,-1.3131099999999378,0,1
426,North Hykeham,E35000853,14743,15087,15167,15470,15908,16308,16895,17275,17365,Small Town,53.190050000000035,-0.5914699999999584,0,3
427,Didcot,E35000872,27138,27221,27695,28178,28899,29621,30078,30120,29922,Medium Town,51.602370000000064,-1.2321099999999774,0,3
428,Waltham Cross,E35000876,10097,10263,10351,10377,10525,10480,10595,10737,10910,Small Town,51.69056000000007,-0.03382999999996628,0,3
429,Eastwood,E35000877,18434,18691,18758,18747,18931,18946,19058,19168,19231,Small Town,53.014020000000066,-1.2926899999999364,0,1
430,Bordon,E35000879,16312,16366,16297,16198,15965,15122,15025,15389,15708,Small Town,51.10999000000004,-0.8644999999999641,0,2
431,Camborne,E35000880,20473,20709,20762,21029,21185,21492,21985,22399,22630,Small Town,50.21366000000007,-5.3011699999999555,0,2
432,Taverham,E35000883,15655,15663,15593,15618,15575,15564,15519,15582,15512,Small Town,52.68223000000007,1.2071000000000254,0,1
433,Little Lever,E35000885,12821,12929,12851,12834,12674,12654,12556,12474,12444,Small Town,53.56131000000005,-2.3643099999999317,0,1
434,Marlborough,E35000897,8100,8273,8214,8260,8172,8149,8299,8250,8233,Small Town,51.42132000000004,-1.7298999999999296,1,1
435,Hertford,E35000899,26839,27123,27504,27833,28248,28688,28860,28950,29303,Medium Town,51.796340000000036,-0.0826999999999316,0,2
436,West Bridgford,E35000901,45610,45645,46213,46570,46960,47358,47670,48225,48856,Medium Town,52.92738000000003,-1.129859999999951,0,2
437,Bletchley,E35000902,37228,37896,38192,38630,39086,39292,39304,39448,39220,Medium Town,52.01030000000003,-0.7495999999999299,0,5
438,Berkhamsted,E35000904,20723,20863,21124,21340,21335,21471,21435,21644,21719,Small Town,51.76040000000007,-0.5644999999999527,1,0
439,Knaresborough,E35000906,15541,15555,15561,15580,15599,15636,15557,15588,15442,Small Town,54.008430000000025,-1.466669999999965,1,2
440,Willenhall,E35000908,51473,51529,51711,51949,52354,52702,53012,53144,53334,Medium Town,52.58425000000005,-2.0571999999999657,0,3
441,Helston,E35000910,11359,11536,11549,11522,11661,11810,11818,11792,11698,Small Town,50.10576000000003,-5.266979999999934,0,2
442,Ramsgate,E35000923,40627,40805,41173,41725,42152,42467,42632,42306,42040,Medium Town,51.33268000000004,1.4229200000000333,1,3
443,Kippax,E35000925,10100,10013,9927,9861,9879,9842,9731,9639,9692,Small Town,53.770820000000064,-1.3712699999999245,1,0
444,Penzance,E35000926,16364,16350,16366,16375,16230,16272,16320,16254,16296,Small Town,50.11861000000005,-5.5372299999999655,0,2
445,Cheadle Hulme,E35000932,24365,24410,24515,24712,24914,25207,25383,25391,25394,Medium Town,53.37806000000007,-2.191029999999955,1,3
446,Radcliffe,E35000933,30014,30285,30443,30722,30847,31081,31267,31547,31844,Medium Town,53.55914000000006,-2.3257199999999334,0,2
447,Coalville,E35000934,34678,34830,34882,35132,35496,35687,36166,36800,37300,Medium Town,52.71878000000004,-1.3722899999999643,1,2
448,Tipton,E35000940,42581,43004,43600,43959,44104,44597,44766,45186,45283,Medium Town,52.528570000000066,-2.070009999999968,0,3
449,Bridlington,E35000950,35178,35206,35168,35203,35238,35339,35085,35115,35264,Medium Town,54.08364000000007,-0.19254999999992609,0,3
450,Litherland,E35000952,18577,18640,18440,18538,18607,18615,18668,18845,18902,Small Town,53.47616000000005,-2.996009999999956,0,3
451,Kirkham,E35000953,12010,12160,12271,12402,12404,12553,12774,12999,13418,Small Town,53.782470000000046,-2.8713599999999246,0,2
452,Wath upon Dearne,E35000964,33460,33995,34431,34977,35412,35713,35988,36272,36318,Medium Town,53.50358000000006,-1.3435999999999808,0,3
453,Burscough,E35000969,8814,8826,8793,8796,8935,8978,8960,8916,8952,Small Town,53.60092000000003,-2.8440899999999374,0,3
454,Dursley,E35000970,14597,14658,14744,14937,15188,15339,15556,15706,15952,Small Town,51.69329000000005,-2.365169999999978,0,3
455,Godalming,E35000976,22798,22901,22959,22969,23282,23367,23410,23514,23687,Small Town,51.183940000000064,-0.6183699999999703,1,1
456,Kingsteignton,E35000979,10460,10520,10497,10592,10526,10539,10857,11153,11363,Small Town,50.546970000000044,-3.5868499999999703,0,2
457,Bebington,E35000985,57341,57621,57867,58098,57938,57991,58055,58150,58427,Medium Town,53.35599000000008,-3.0036999999999807,1,5
458,East Cowes,E35000986,7026,7047,7105,7272,7260,7359,7414,7475,7572,Small Town,50.75628000000007,-1.2852199999999243,1,0
459,Long Eaton,E35000992,37817,38158,38363,38838,39061,39264,39348,39456,39387,Medium Town,52.90188000000007,-1.282449999999926,0,5
460,West Bromwich (East),E35000993,18982,19024,19083,19249,19784,20007,20126,20201,20073,Small Town,52.51817000000007,-1.9893899999999576,0,3
461,Lytham St Anne's,E35000997,43094,43122,43394,43717,43892,44118,44208,44320,44464,Medium Town,53.74950000000007,-2.991539999999929,0,2
462,Wellington,E35000998,11213,11489,11586,11560,11838,12160,12497,12771,12924,Small Town,50.97953000000007,-3.2262999999999806,1,1
463,Failsworth,E35001001,18842,18874,18840,18874,18712,18666,18726,18836,18843,Small Town,53.50846000000006,-2.1633699999999294,0,11
464,Haslingden,E35001004,15965,16062,16088,16110,16180,16284,16399,16492,16560,Small Town,53.704610000000066,-2.3253599999999324,0,1
465,Cleethorpes,E35001011,39534,39377,39357,39389,39317,39168,39188,38996,38562,Medium Town,53.55949000000004,-0.03937999999993736,0,2
466,Pudsey,E35001013,32193,32380,32815,33197,33585,33876,33899,33800,33766,Medium Town,53.79767000000004,-1.6559599999999364,0,2
467,Pontefract,E35001027,29348,29321,29458,29548,29588,29892,30221,30813,31280,Medium Town,53.69258000000008,-1.3063399999999774,0,4
468,Stretford,E35001028,26915,27047,27401,27397,27637,27717,27533,27529,27574,Medium Town,53.445710000000076,-2.313819999999964,0,5
469,Teignmouth,E35001036,15106,15185,15400,15410,15487,15586,15597,15646,15671,Small Town,50.54835000000003,-3.5000499999999306,0,1
470,Gravesend,E35001042,55523,55647,56274,57281,57865,58269,58036,58361,58640,Medium Town,51.43282000000005,0.36462000000005895,1,4
471,Frimley,E35001045,19121,19207,19029,19189,19244,19253,19302,19355,19385,Small Town,51.313240000000064,-0.7452599999999734,1,0
472,Newton Abbot,E35001055,25594,25713,25944,26281,26720,26814,26951,26932,27153,Medium Town,50.52892000000003,-3.608239999999967,0,2
473,Morecambe,E35001056,33312,33396,33322,33325,33540,33620,33491,33630,33848,Medium Town,54.070470000000064,-2.8552199999999743,0,7
474,Cleveleys,E35001061,10727,10747,10738,10610,10754,10730,10732,10733,10740,Small Town,53.87333000000007,-3.022909999999968,1,4
475,Yateley,E35001069,14874,14745,14809,14894,14689,14681,14593,14487,14409,Small Town,51.34238000000005,-0.8267299999999409,1,1
476,Armthorpe,E35001073,14459,14385,14477,14617,14558,14586,14550,14510,14405,Small Town,53.535640000000065,-1.056699999999978,0,4
477,Keighley,E35001085,53411,53340,53459,53304,53352,53366,53252,53393,53538,Medium Town,53.86634000000004,-1.9096499999999423,0,4
478,Havant,E35001094,45232,45534,45669,45990,46250,46764,47376,47680,47896,Medium Town,50.85550000000006,-0.9859199999999646,1,4
479,Golborne,E35001095,24164,24160,24194,24339,24257,24309,24219,24114,24314,Small Town,53.476680000000044,-2.59681999999998,0,2
480,Shaw (Oldham),E35001099,18794,18662,18553,18534,18440,18354,18401,18340,18349,Small Town,53.57967000000008,-2.0932699999999613,0,2
481,Shanklin,E35001106,9067,9143,9009,9034,9114,9161,9229,9206,9202,Small Town,50.62698000000007,-1.1792199999999298,0,3
482,Whitnash,E35001109,8088,7990,7912,8070,7922,7912,7952,7951,7899,Small Town,52.26978000000002,-1.5218499999999722,0,1
483,Hythe,E35001112,15058,15068,15120,15297,15261,15325,15411,15569,15544,Small Town,50.86749000000003,-1.4042599999999652,1,2
484,Maltby,E35001115,16699,16603,16486,16577,16351,16324,16333,16341,16328,Small Town,53.423250000000046,-1.201309999999978,0,1
485,Totton,E35001116,28807,28984,29211,29411,29458,29520,29552,29459,29421,Medium Town,50.919910000000066,-1.4911499999999478,0,3
486,Portslade-by-Sea,E35001118,19934,19995,19860,19886,20082,20101,20198,20081,20150,Small Town,50.83194000000003,-0.21214999999995146,1,3
487,West Kirby,E35001127,14928,14976,14914,14895,14909,14902,14925,15001,14875,Small Town,53.37265000000008,-3.1715699999999742,0,2
488,Blaydon,E35001128,15187,15206,15099,14982,14940,14878,14858,14768,14693,Small Town,54.965800000000065,-1.7127299999999652,0,2
489,Killamarsh,E35001129,9262,9258,9281,9288,9356,9345,9391,9396,9336,Small Town,53.32671000000005,-1.3130199999999377,1,2
490,Milnrow,E35001131,10024,9994,9893,9886,9983,10153,10224,10242,10370,Small Town,53.611260000000065,-2.1140699999999697,0,3
491,Bishop's Cleeve,E35001132,13300,13424,13603,13856,14194,14480,15032,15638,16292,Small Town,51.94493000000006,-2.0771099999999483,0,2
492,Ringwood,E35001137,13946,13946,14074,14209,14273,14395,14325,14360,14369,Small Town,50.846460000000036,-1.7934199999999691,1,2
493,Dorking,E35001140,17167,17150,17375,17500,17469,17510,17616,17667,17616,Small Town,51.233460000000036,-0.328619999999944,1,2
494,Rawmarsh,E35001141,18517,18554,18584,18603,18605,18775,18953,19102,19161,Small Town,53.467550000000074,-1.3391299999999546,0,2
495,Southborough,E35001152,11158,11197,11232,11318,11408,11454,11380,11250,11225,Small Town,51.155880000000074,0.2599400000000287,0,1
496,Welwyn Garden City,E35001153,48496,48827,49275,50000,50863,51368,51264,51180,51357,Medium Town,51.80143000000004,-0.20572999999996,2,4
497,Cowes,E35001155,14259,14282,14401,14382,14374,14425,14544,14620,14705,Small Town,50.75841000000002,-1.297869999999932,1,3
498,Cudworth,E35001157,12656,12793,12826,12787,12784,12794,12786,12759,12774,Small Town,53.578160000000075,-1.4155399999999645,1,0
499,Sandiacre,E35001158,9624,9606,9545,9598,9787,9923,9911,9976,10058,Small Town,52.926870000000065,-1.2917099999999664,0,1
500,Selby,E35001160,17562,17712,18083,18326,18697,18865,19224,19455,19809,Small Town,53.78393000000007,-1.0699199999999678,0,3
501,Wickford,E35001162,33520,33766,34238,34609,34664,34796,34722,34844,34857,Medium Town,51.61149000000007,0.51854000000003,0,1
502,Lymington,E35001171,15234,15307,15421,15579,15659,15686,15861,15997,16148,Small Town,50.759030000000045,-1.5387099999999805,1,0
503,Royston,E35001175,10084,10209,10251,10308,10497,10579,10613,10563,10640,Small Town,52.048250000000046,-0.021399999999971442,0,1
504,Diss,E35001176,9851,9985,10174,10275,10437,10717,10800,10886,10987,Small Town,52.37351000000007,1.1102900000000204,0,3
505,Longton,E35001178,8773,8772,8696,8766,8913,8970,9002,8927,8964,Small Town,52.989440000000066,-2.1342599999999265,0,4
506,Esher,E35001180,51085,51366,51794,52381,52487,52484,52732,52674,52286,Medium Town,51.37014000000005,-0.3645399999999768,6,3
507,Normanton,E35001191,21361,21341,21466,21551,21658,21745,21846,21944,22085,Small Town,53.698180000000036,-1.4133499999999801,1,2
508,Folkestone,E35001192,51525,51872,51595,51600,52106,52749,52954,53451,53949,Medium Town,51.08447000000007,1.1779400000000348,1,7
509,St Neots,E35001194,30369,30955,31461,31964,32205,32568,32832,32854,32657,Medium Town,52.22790000000003,-0.2617299999999432,1,2
510,Fareham,E35001195,42226,42613,42943,43313,43202,43426,43480,43618,43549,Medium Town,50.852720000000026,-1.1740599999999404,0,5
511,Ripley,E35001197,19339,19296,19481,19542,19499,19549,19776,19777,19911,Small Town,53.05070000000007,-1.4076199999999517,0,2
512,Farnham,E35001198,25637,25777,26041,26498,26656,26848,27056,27152,27386,Medium Town,51.21446000000003,-0.8003699999999299,1,2
513,Heanor,E35001202,25737,25758,25891,25921,25944,26134,26357,26730,27092,Medium Town,53.013750000000066,-1.353529999999978,0,4
514,Burntwood,E35001203,28590,28456,28523,28466,28346,28375,28610,28663,28831,Medium Town,52.679760000000044,-1.9200199999999652,0,2
515,Abingdon,E35001205,38693,39052,38820,38973,39161,39156,39494,39609,39654,Medium Town,51.67384000000004,-1.2858799999999633,1,1
516,Worsley,E35001208,9110,9045,9002,9007,9043,9139,9178,9086,9095,Small Town,53.500550000000025,-2.3810099999999466,0,1
517,East Grinstead,E35001213,29156,29257,29504,29633,30042,30177,30251,30495,30664,Medium Town,51.12401000000007,-0.007599999999968077,1,2
518,Atherstone,E35001215,10613,10578,10567,10712,10843,11035,11312,11554,11598,Small Town,52.57594000000007,-1.5419499999999289,0,3
519,Wilmslow,E35001218,35999,36335,36750,37007,37210,37224,37400,37496,37670,Medium Town,53.326780000000035,-2.227869999999939,2,3
520,Otley,E35001220,14195,14122,14159,14159,14203,14203,14301,14205,14257,Small Town,53.90572000000003,-1.694939999999974,1,2
521,Bushey,E35001221,25379,25734,25884,26294,26204,26462,26641,26924,27278,Medium Town,51.64435000000003,-0.36304999999993015,1,0
522,Newport Pagnell,E35001223,15140,15080,15085,15164,15036,15029,14857,14788,14755,Small Town,52.086750000000045,-0.7226999999999748,1,0
523,Ilkeston,E35001224,38743,38842,38915,39201,39401,39373,39555,39670,39605,Medium Town,52.979090000000035,-1.3105499999999781,0,4
524,Newton-le-Willows,E35001225,22195,22433,22627,22895,23212,23535,23822,24333,24848,Small Town,53.45643000000007,-2.632149999999968,0,1
525,Tilbury,E35001227,12506,12569,12589,12784,12938,13119,13413,13791,14121,Small Town,51.46390000000007,0.3501700000000483,0,1
526,Droitwich,E35001228,23551,23579,23820,23947,23938,23849,23880,23935,24179,Small Town,52.26808000000005,-2.156469999999956,0,3
527,Mountsorrel,E35001229,12131,12361,12586,12653,12788,12891,13239,13597,13868,Small Town,52.72482000000008,-1.1392999999999347,1,0
528,Billericay,E35001232,34297,34250,34345,34676,34730,34838,34894,34848,34987,Medium Town,51.62485000000004,0.41695000000004256,2,0
529,Bideford,E35001234,18123,18584,18736,18906,19238,19629,19827,19927,19926,Small Town,51.01941000000005,-4.20414999999997,0,4
530,Jarrow,E35001236,43454,43287,43280,43433,43337,43346,43111,43114,43218,Medium Town,54.982770000000066,-1.4787199999999532,0,4
531,Newbury,E35001239,38848,39355,39725,40215,40848,41518,41883,42092,42109,Medium Town,51.40592000000004,-1.3261099999999717,2,5
532,Hale (Trafford),E35001240,16639,16773,16843,17018,17200,17409,17481,17372,17493,Small Town,53.41905979600006,-2.355327362999958,0,1
533,Weymouth,E35001241,54483,54483,54381,54525,54861,54955,55174,55251,55279,Medium Town,50.612240000000035,-2.458539999999971,0,1
534,Cinderford,E35001244,10532,10716,10829,10868,11060,11226,11302,11406,11376,Small Town,51.825270000000046,-2.4998699999999303,0,1
535,Ferndown,E35001246,26543,26728,26851,26971,26945,27029,26983,27357,27647,Medium Town,50.802140000000065,-1.8889299999999596,0,3
536,Accrington,E35001256,35397,35241,35264,35525,35678,36073,36336,36437,36534,Medium Town,53.75530000000003,-2.3706299999999487,0,3
537,Peterlee,E35001258,27870,27767,27573,27354,27198,27072,26930,26818,26665,Medium Town,54.76105000000007,-1.333369999999945,0,2
538,Reigate,E35001264,22178,22465,22639,22842,22909,22989,23391,23503,23649,Small Town,51.23591000000005,-0.20485999999993965,1,1
539,Stourport-on-Severn,E35001266,20123,20096,20202,20264,20302,20351,20422,20504,20591,Small Town,52.33911000000007,-2.2809299999999557,0,2
540,Prudhoe,E35001267,10894,10884,10820,10886,10919,10980,11035,11000,11047,Small Town,54.961610000000064,-1.8509199999999737,0,1
541,Marlow,E35001276,14830,14849,14840,14895,14926,14918,14839,15006,14908,Small Town,51.57306000000007,-0.7761699999999792,1,1
542,Penistone,E35001283,9843,9919,10188,10308,10474,10541,10693,10861,10936,Small Town,53.526460000000036,-1.6313599999999724,0,1
543,Worksop,E35001286,41926,42366,42418,42557,42590,42868,43173,43421,43613,Medium Town,53.30659000000003,-1.1231799999999341,1,6
544,Chertsey,E35001287,13764,13817,13911,13954,14143,14389,14627,14806,15104,Small Town,51.388190000000066,-0.5082199999999375,0,2
545,Fazeley,E35001291,7658,7683,7734,7736,7770,7801,7827,7816,7762,Small Town,52.61555000000004,-1.7036899999999378,0,3
546,Andover,E35001292,41936,42649,43685,44622,45384,45942,46224,46584,46906,Medium Town,51.20655000000005,-1.4767699999999309,1,5
547,Warlingham,E35001295,9098,9242,9323,9484,9462,9623,9679,9718,9744,Small Town,51.31057000000004,-0.057099999999934425,2,1
548,Chesham,E35001299,22406,22583,22798,22998,23382,23629,23708,23837,23902,Small Town,51.71083000000005,-0.6090599999999426,1,1
549,Woodley,E35001301,35553,35881,36084,36264,36635,36973,37484,38016,38506,Medium Town,53.426830000000045,-2.097139999999968,0,1
550,Yeadon,E35001302,19674,19484,19435,19309,19253,19160,19163,19163,19190,Small Town,53.85871000000003,-1.6841699999999378,0,3
551,Clay Cross,E35001303,12967,13120,12980,13036,12997,13263,13303,13346,13382,Small Town,53.16632000000004,-1.4158099999999652,0,2
552,Wellingborough,E35001306,49356,49696,49766,50221,51022,52048,52441,53012,53165,Medium Town,52.30244000000005,-0.6963199999999574,0,3
553,Ditton,E35001308,26050,26117,26294,26478,26358,26774,27078,27205,27566,Medium Town,51.29961000000003,0.4520400000000677,0,4
554,Egham,E35001311,25976,26873,27358,27811,27760,28430,28043,28934,29539,Medium Town,51.430990000000065,-0.5471899999999437,1,1
555,Staines,E35001314,25796,25984,26222,26483,26611,26816,26889,26798,26808,Medium Town,51.435160000000046,-0.5066199999999412,0,3
556,Torquay,E35001315,49228,49184,49583,50041,50103,50383,50645,51126,51339,Medium Town,50.46788000000004,-3.543729999999925,0,4
557,Beeston (Broxtowe),E35001323,51666,51849,52367,52619,52701,52687,53148,53737,54131,Medium Town,52.97638000900008,-1.2628332899999464,0,1
558,Warwick,E35001324,31347,31533,31667,31866,32024,32442,32718,33319,34166,Medium Town,52.28176000000008,-1.5909599999999386,0,3
559,Leyland,E35001332,38883,38756,38872,38931,38953,39288,39579,39869,40198,Medium Town,53.69532000000004,-2.693479999999965,0,5
560,Swadlincote,E35001337,45181,45848,46722,47484,47900,48354,48738,49388,49972,Medium Town,52.774810000000066,-1.5517799999999509,1,4
561,Northwich,E35001340,45449,45532,45526,45519,45796,46340,46897,47774,48519,Medium Town,53.26018000000005,-2.510909999999967,2,5
562,Lancaster,E35001347,47830,48654,48662,49503,50247,50571,50849,51324,51932,Medium Town,54.047510000000045,-2.7976299999999696,0,4
563,Wokingham,E35001349,42814,43414,44172,44738,45241,46049,46745,47567,48356,Medium Town,51.410910000000065,-0.8347899999999413,1,4
564,Kidsgrove,E35001350,26306,26157,26145,26160,26234,26424,26223,26304,26276,Medium Town,53.086420000000025,-2.2393899999999576,0,3
565,Littleborough,E35001351,12352,12372,12299,12337,12292,12139,12148,12059,12085,Small Town,53.643670000000036,-2.097299999999961,1,1
566,Camberley,E35001352,38120,38023,38288,38679,39069,39470,39541,39675,39850,Medium Town,51.33624000000003,-0.7342299999999682,0,2
567,Alfreton,E35001356,22801,22946,23046,23196,23117,23157,23316,23586,24068,Small Town,53.09763000000004,-1.3850499999999784,0,3
568,Wimborne Minster,E35001359,15199,15321,15419,15582,15852,16103,16259,16252,16241,Small Town,50.80229000000003,-1.9886399999999755,1,0
569,Kingsnorth (Ashford),E35001360,6609,6919,7068,7066,7247,7259,7428,7558,7543,Small Town,51.118450000000045,0.8598700000000576,0,2
570,Cramlington,E35001362,27703,27645,27474,27520,27479,27372,27344,27198,27384,Medium Town,55.087170000000064,-1.5887599999999793,0,3
571,Grantham,E35001363,42152,42522,42854,43525,43821,44395,44520,44559,44807,Medium Town,52.913190000000036,-0.6428399999999783,0,5
572,Wombwell,E35001365,23402,23725,24015,24474,24723,24945,25197,25493,25803,Medium Town,53.530760000000036,-1.4108399999999506,0,3
573,Chester-le-Street,E35001366,37148,37297,37609,37844,37575,37610,37543,37610,37683,Medium Town,54.85908000000007,-1.574969999999951,0,3
574,Epsom,E35001370,31534,32039,32636,33564,33788,34291,34791,35071,35314,Medium Town,51.33307000000008,-0.2714199999999778,1,0
575,Horsforth,E35001374,18896,19004,19038,19053,19171,19393,19469,19542,19766,Small Town,53.83434000000005,-1.6395099999999732,0,1
576,Hoylake,E35001375,10897,10919,10907,10973,10890,10842,10840,10854,10875,Small Town,53.39830000000007,-3.169519999999977,1,0
577,Waltham Abbey,E35001386,18772,18680,18872,19101,19215,19144,19258,19365,19402,Small Town,51.68640000000005,0.00146000000006552,0,2
578,Consett,E35001387,24827,24955,25115,25309,25458,25572,25637,25774,25812,Medium Town,54.86151000000007,-1.8347799999999663,0,5
579,Royal Leamington Spa,E35001392,55852,56576,56455,56709,55894,56339,56732,57812,57831,Medium Town,52.28920000000005,-1.5352999999999497,0,3
580,Poulton-le-Fylde,E35001393,17422,17563,17704,17705,17848,17832,17752,17854,18111,Small Town,53.848060000000025,-2.994609999999966,0,2
581,Bexhill,E35001397,42372,42430,42671,43235,43641,43825,44317,44674,45123,Medium Town,50.84533000000005,0.4775200000000268,0,4
582,Leek,E35001400,19652,19566,19667,19706,19757,19915,19967,19997,19963,Small Town,53.106630000000045,-2.0208599999999706,0,5
583,Wallsend,E35001401,43985,44138,44327,44631,44484,44738,44791,45006,45441,Medium Town,54.99123000000003,-1.5332199999999716,0,4
584,Hunstanton,E35001404,8679,8730,8735,8683,8589,8643,8528,8536,8509,Small Town,52.93743000000007,0.4943100000000413,0,2
585,Colne,E35001407,18833,18732,18794,18646,18776,18756,18814,18940,18884,Small Town,53.85680000000008,-2.1703699999999344,0,3
586,Weybridge,E35001409,29980,29596,29770,29949,30105,30310,30145,30106,30305,Medium Town,51.372930000000046,-0.4576999999999316,1,2
587,Glossop,E35001411,33072,33138,33098,33071,33145,33283,33240,33287,33459,Medium Town,53.44333000000007,-1.9459399999999505,0,2
588,Hoddesdon,E35001413,42280,42907,43020,43448,43548,43922,43823,43836,43927,Medium Town,51.767840000000035,-0.013229999999964548,0,3
589,Staveley,E35001414,15300,15294,15401,15408,15400,15419,15407,15374,15447,Small Town,53.26647000000003,-1.3547799999999484,0,2
590,Redruth,E35001416,19976,20270,20182,20420,20630,20920,21083,21324,21467,Small Town,50.23253000000005,-5.229409999999973,1,1
591,Amersham,E35001417,23128,23405,23731,24032,24262,24451,24485,24684,24808,Small Town,51.67467000000005,-0.5961199999999279,0,3
592,Swanscombe,E35001418,19933,20299,20782,21175,21535,21852,22321,23241,24616,Small Town,51.450150000000065,0.3085500000000252,0,1
593,Wetherby,E35001419,11222,11164,11128,11132,11199,11126,11166,11221,11460,Small Town,53.928140000000035,-1.386819999999943,0,3
594,Locks Heath/Warsash/Whiteley,E35001421,43497,43996,44646,44977,45559,45869,46268,46275,46293,Medium Town,50.85507036335106,-1.281233241452171,1,1
595,Nailsworth,E35001423,7737,7840,7723,7757,7820,7691,7637,7687,7705,Small Town,51.69580000000008,-2.2180199999999672,0,1
596,Skelmersdale,E35001425,34470,34453,34486,34584,34470,34772,34813,34816,35120,Medium Town,53.54935000000007,-2.7756699999999337,0,2
597,Rickmansworth,E35001432,24061,24210,24658,25019,25255,25370,25380,25413,25305,Medium Town,51.641750000000066,-0.4666999999999462,1,1
598,Shoreham-by-Sea,E35001442,48639,49208,49725,50316,50572,50630,50719,50817,51116,Medium Town,50.831930000000064,-0.2764599999999291,0,3
599,Hoyland,E35001446,17732,17901,17999,18110,18198,18248,18318,18259,18321,Small Town,53.50553000000008,-1.445039999999949,0,2
600,Brierfield,E35001448,9564,9690,9807,9892,10063,10190,10257,10311,10433,Small Town,53.823570000000075,-2.234269999999981,0,1
601,Stowmarket,E35001453,19355,19749,20151,20666,20807,20929,21312,21570,21936,Small Town,52.188780000000065,0.9971800000000712,0,2
602,Rochford,E35001457,17752,17819,17845,18057,18158,18276,18301,18609,18598,Small Town,51.58322000000004,0.7013900000000604,0,2
603,Haslemere,E35001459,13156,13212,13101,13109,13198,13314,13384,13268,13203,Small Town,51.088790000000074,-0.708759999999927,1,1
604,Cranleigh,E35001461,9926,9849,9969,10050,10199,10179,10181,10307,10531,Small Town,51.141530000000046,-0.4829899999999725,0,1
605,Bicester,E35001462,32717,32680,32911,32862,32937,32838,32789,32839,32835,Medium Town,51.89802000000003,-1.1534699999999702,0,3
606,Bridgnorth,E35001463,12314,12393,12522,12687,12754,12815,12893,12929,12804,Small Town,52.53706000000005,-2.42062999999996,0,2
607,Thornaby-on-Tees,E35001481,24778,25092,25313,25556,25823,25892,25876,25801,25628,Medium Town,54.538400000000074,-1.3035099999999602,0,2
608,Adwick le Street,E35001482,19222,19084,18954,18867,18787,18833,18858,19010,18951,Small Town,53.56940000000003,-1.1839699999999311,0,1
609,Houghton-le-Spring,E35001485,13868,14044,14178,14163,14197,14229,14292,14302,14312,Small Town,54.83913000000007,-1.468789999999956,0,1
610,Herne Bay,E35001486,38326,38504,39086,39645,39739,40127,40450,40555,40876,Medium Town,51.37127000000004,1.1262100000000714,0,3
611,Tadley,E35001487,15863,15941,15826,15832,15825,15812,15630,15603,15497,Small Town,51.35435000000007,-1.141149999999925,0,1
612,Leatherhead,E35001490,32632,32726,32918,32966,33104,33157,32994,33184,33355,Medium Town,51.29639000000003,-0.32938999999993257,2,3
613,Whitley Bay,E35001492,36682,36730,36690,36972,36922,37030,37058,37120,37277,Medium Town,55.048560000000066,-1.449579999999969,0,5
614,Horley,E35001493,22804,23114,23378,23724,24395,25036,25253,25970,26466,Medium Town,51.17545000000007,-0.16919999999993252,2,2
615,Newark-on-Trent,E35001494,37168,37553,37933,38297,38598,39027,39370,39635,39947,Medium Town,53.074280000000044,-0.8097199999999702,1,3
616,Pershore,E35001496,7102,7137,7331,7464,7516,7598,7765,7982,8116,Small Town,52.113970000000045,-2.0797699999999395,0,1
617,Hitchin,E35001499,34431,34724,35159,35607,36172,36454,36202,36379,36551,Medium Town,51.953620000000065,-0.28468999999995503,1,2
618,Hedge End,E35001502,25265,25583,26068,26498,26636,26467,26399,26556,26506,Medium Town,50.915860000000066,-1.2924299999999675,0,2
619,Westergate,E35001503,9798,9909,9924,9944,10028,10115,10153,10232,10428,Small Town,50.83967000000007,-0.6683999999999628,1,0
620,Loughton,E35001507,31194,31554,31914,32193,32277,32510,32660,32990,33088,Medium Town,51.647700000000036,0.05552000000005819,0,4
621,Abertillery,W37000092,10951,10876,10838,10828,10734,10748,10774,10796,10745,Small Town,51.73014000000007,-3.1375699999999256,0,1
622,Newtown (Powys),W37000100,11361,11390,11328,11361,11358,11244,11319,11300,11222,Small Town,52.512770000000046,-3.3146099999999588,0,3
623,Pembroke Dock,W37000105,9752,9809,9755,9892,9780,9717,9716,9675,9665,Small Town,51.691850000000045,-4.942359999999951,0,4
624,Denbigh,W37000138,8547,8528,8536,8414,8465,8424,8416,8424,8500,Small Town,53.183380000000064,-3.4210799999999613,0,2
625,Pontarddulais,W37000146,9084,9329,9427,9400,9366,9391,9316,9506,9656,Small Town,51.712080000000064,-4.035979999999938,0,1
626,Brecon,W37000173,8298,8328,8381,8408,8306,8400,8419,8408,8400,Small Town,51.95016000000004,-3.39086999999995,0,1
627,Milford Haven,W37000225,13593,13800,13854,13761,13738,13873,13959,14077,14219,Small Town,51.71691000000004,-5.02690999999993,0,2
628,Llandudno,W37000243,15375,15257,15275,15338,14843,15318,15375,15479,15395,Small Town,53.32243000000005,-3.818779999999947,0,2
629,Mold,W37000273,10041,10059,10150,10279,10145,10161,10142,10133,10123,Small Town,53.16387000000003,-3.1399199999999614,0,3
630,Holyhead,W37000301,11467,11535,11611,11582,11593,11629,11715,11864,11981,Small Town,53.306370000000065,-4.6302799999999715,0,4
631,Tredegar,W37000338,14835,14919,15041,15068,15004,15065,15000,15090,15191,Small Town,51.77893000000007,-3.2450399999999604,0,1
632,Barry,W37000342,54779,54880,55186,55399,55554,56124,56892,57420,57920,Medium Town,51.40178000000003,-3.277989999999932,0,3
633,Monmouth,W37000354,10130,10161,10161,10257,10311,10437,10486,10694,10910,Small Town,51.82078000000007,-2.7123699999999644,1,1
634,Carmarthen,W37000359,15847,15933,16087,16115,16073,16169,16192,16258,16285,Small Town,51.860550000000046,-4.298999999999978,0,4
635,Haverfordwest,W37000361,14625,14621,14685,14689,14811,14933,15032,15126,15228,Small Town,51.79878000000008,-4.977319999999963,0,4
636,Merthyr Tydfil,W37000363,43884,43973,44110,44211,44269,44585,44807,45028,45109,Medium Town,51.75057000000004,-3.3763499999999453,0,5
637,Bangor,W38000009,17888,18047,18211,17871,18616,18401,18476,18709,18322,Small Town,54.66300000000007,-5.668419999999969,1,36
638,Kinmel Bay,W38000010,9527,9647,9610,9646,9484,9562,9544,9490,9469,Small Town,53.31039000000004,-3.5204199999999446,0,2
639,Maesteg,W38000016,18907,18868,18818,18788,18701,18701,18729,18715,18920,Small Town,51.60845000000007,-3.660189999999943,0,3
640,Ammanford,W38000018,7945,8006,8146,8240,8302,8286,8330,8450,8625,Small Town,51.79278000000005,-3.9883799999999496,0,1
641,Newbridge,W38000032,9586,9568,9629,9581,9546,9557,9640,9706,9693,Small Town,55.94085000000007,-3.4101299999999815,1,15
642,Caernarfon,W38000043,9452,9468,9466,9540,9612,9713,9815,9859,9970,Small Town,53.143140000000066,-4.2717499999999395,0,3
643,Abergavenny,W38000044,13462,13361,13373,13361,13315,13350,13402,13476,13558,Small Town,51.825050000000026,-3.020549999999957,0,2
644,Prestatyn,W38000047,16803,16731,16805,17009,16923,16965,16960,16833,16790,Small Town,53.33612000000005,-3.4167299999999727,0,4
645,Connah's Quay,W38000055,16808,16708,16770,16738,16727,16758,16843,16834,16808,Small Town,53.226080000000074,-3.059069999999963,0,1
646,Buckley,W38000060,19675,19702,19704,19793,20043,20215,20232,20279,20327,Small Town,53.16817000000003,-3.090709999999945,1,1
647,Chepstow,W38000061,12416,12407,12427,12424,12426,12438,12451,12461,12433,Small Town,51.637900000000066,-2.6792199999999298,0,2
648,Treorchy,W38000064,7683,7627,7676,7686,7732,7666,7681,7783,7691,Small Town,51.65967000000007,-3.5049399999999764,0,1
649,Llantwit Major,W38000067,8427,8567,8538,8612,8520,8598,8689,8725,8665,Small Town,51.410150000000044,-3.4884899999999557,0,1
650,Tonypandy,W38000069,17797,17951,18023,18083,18030,18030,17960,17866,18031,Small Town,51.624270000000074,-3.4570099999999684,0,1
651,Sarn,W38000072,10829,10984,11096,11160,11432,11685,11848,11986,12356,Small Town,51.54117000000008,-3.5791199999999312,0,3
652,Llantrisant,W38000075,13259,13355,13489,13425,13522,13526,13590,13581,13710,Small Town,51.540770000000066,-3.374259999999936,0,2
653,Risca,W38000080,14942,15075,15030,14880,14996,14986,14944,14925,14866,Small Town,51.606740000000066,-3.100119999999947,0,4
654,Pontypridd,W38000081,30452,30579,30476,30550,30671,30711,30910,30860,30967,Medium Town,51.597650000000044,-3.3311699999999287,0,2
655,Caerphilly,W38000086,41400,41369,41415,41865,41927,41929,41905,42020,41986,Medium Town,51.576580000000035,-3.2177099999999537,0,4
656,Gorseinon,W38000087,15734,15787,16000,16177,16558,16828,16983,17227,17308,Small Town,51.66667000000007,-4.0411699999999655,0,3
657,Llanelli,W38000094,43960,44251,44323,44403,44634,44698,44812,44940,45309,Medium Town,51.68268000000007,-4.134249999999952,0,5
658,Ystradgynlais,W38000105,10241,10327,10361,10394,10437,10525,10559,10576,10584,Small Town,51.77780000000007,-3.757219999999961,0,2
659,Pontllan-fraith,W38000110,9211,9260,9276,9289,9267,9243,9291,9361,9327,Small Town,51.64995000000005,-3.196209999999951,0,1
660,Pontypool,W38000111,28330,28534,28633,28788,28777,28924,28868,28970,29166,Medium Town,51.70330000000007,-3.0432899999999563,0,1
661,Rhyl,W38000112,25198,25385,25619,25594,25635,25784,25994,26153,26466,Medium Town,53.31158000000005,-3.4723399999999742,0,2
662,Abergele,W38000117,9207,9195,9208,9301,9370,9293,9333,9352,9431,Small Town,53.28432000000004,-3.581139999999948,0,1
663,Colwyn Bay,W38000120,29403,29504,29637,29746,28160,28294,28142,28236,28233,Medium Town,53.29387000000003,-3.725349999999935,0,2
664,Penarth,W38000123,27202,27455,27697,28003,28134,28433,29388,29540,30010,Medium Town,51.43909000000008,-3.1745399999999786,0,4
665,Bargod,W38000124,11550,11669,11534,11514,11629,11757,11825,11897,11889,Small Town,51.687110000000075,-3.229809999999929,0,1
666,Aberdare,W38000125,29739,30040,29967,30281,30477,30734,30831,31200,31396,Medium Town,51.712600000000066,-3.4456999999999307,0,3
667,Blackwood,W38000126,24035,24052,24110,24258,24218,24196,24145,24121,24215,Small Town,51.66737000000007,-3.195639999999969,0,1
668,Ystrad Mynach,W38000127,19212,19270,19531,19615,19672,19791,19775,19828,19939,Small Town,51.645910000000065,-3.2250599999999285,0,3
669,Bridgend,W38000129,46879,47119,47632,47800,47659,48005,48417,48511,49338,Medium Town,51.50884000000008,-3.5782199999999307,0,5
670,Holywell,W38000132,9816,9871,9873,9984,9954,10031,9911,10037,10067,Small Town,53.274560000000065,-3.2253299999999285,0,2
671,Aberystwyth,W38000133,17843,18286,18452,18171,17587,17035,16522,16248,15812,Small Town,52.41607000000005,-4.077869999999962,0,2
672,Neath,W38000135,50713,50647,50596,50707,50740,50901,50973,51084,51433,Medium Town,51.66273000000007,-3.799819999999954,0,4
673,Ebbw Vale,W38000138,18114,18173,18148,18146,18210,18165,18170,18273,18261,Small Town,51.79703000000006,-3.2146999999999366,0,3
674,Cwmbran,W38000140,46998,46862,46752,46781,47014,46965,47133,47602,48287,Medium Town,51.657730000000065,-3.0257599999999343,0,5
675,Llandudno Junction,W38000142,10654,10840,11031,11147,12460,12396,12496,12598,12694,Small Town,53.284460000000074,-3.8082599999999616,0,2
676,Flint,W38000143,14915,14906,14814,14629,14635,14653,14690,14751,15006,Small Town,53.24749000000003,-3.1297699999999513,0,3
677,Port Talbot,W38000144,37280,37449,37343,37469,37569,37765,37900,38106,38104,Medium Town,51.591380000000065,-3.802349999999933,0,5
678,Porth,W38000145,14657,14665,14682,14645,14653,14649,14587,14640,14723,Small Town,51.615200000000065,-3.4112699999999445,0,2
679,Pontardawe,W38000146,12349,12357,12318,12502,12672,12727,12801,12970,13096,Small Town,51.71897000000007,-3.849639999999965,0,2
