,Area,mnemonic,2011,2012,2013,2014,2015,2016,2017,2018,2019,Size,Latitude,Longitude
0,Dorchester (West Dorset),E34000016,19031,19152,19521,19633,19750,20254,20633,21082,21438,Small Town,50.710920,-2.4423399
1,Ely,E34000020,19270,19591,19543,19948,20053,20144,20255,20321,20330,Small Town,52.401370,0.26370000
2,Downham Market,E34000027,10882,10974,11192,11349,11650,11841,11937,11871,11910,Small Town,52.602360,0.37877000
3,Penrith,E34000039,15172,15232,15267,15287,15324,15376,15494,15542,15880,Small Town,54.664750,-2.7569299
4,Bolsover,E34000048,11767,12002,12042,12104,12052,12019,12014,11984,11996,Small Town,53.229250,-1.2907199
5,March,E34000055,21078,21084,21174,21300,21426,21489,21669,21797,21768,Small Town,52.551280,0.08850000
6,Royston,E34000067,15859,15896,16036,16308,16409,16625,16911,16949,17042,Small Town,52.048250,-0.0213999
7,Irthlingborough,E34000086,7523,7576,7642,7803,7915,8101,8130,8109,8142,Small Town,52.325470,-0.6142099
8,Freshwater,E34000109,7832,7870,7770,7741,7730,7799,7827,7938,7928,Small Town,50.682640,-1.5251399
9,Barnoldswick,E34000115,10444,10436,10554,10474,10401,10373,10241,10271,10362,Small Town,53.917550,-2.1882899
10,Bedlington,E34000174,16943,16967,16957,16894,16829,16831,16987,16963,17081,Small Town,55.130420,-1.5926699
11,New Addington,E34000214,22325,22751,22693,22592,22770,22987,23086,23035,22843,Small Town,51.341240,-0.0153699
12,Seaford,E34000231,22556,22654,22963,23236,23348,23574,23463,23503,23601,Small Town,50.773010,0.10182000
13,Great Dunmow,E34000250,7767,7906,8043,8206,8258,8429,8493,8564,9006,Small Town,51.871070,0.36393000
14,Wideopen,E34000271,8967,9059,8998,9066,9233,9337,9467,9659,9815,Small Town,55.047840,-1.6250799
15,Frodsham,E34000273,9031,9108,9105,9147,9253,9262,9227,9202,9074,Small Town,53.296550,-2.7248799
16,Rothwell,E34000278,7706,7706,7792,7874,7938,8117,8169,8204,8213,Small Town,52.422340,-0.8031299
17,Chard,E34000290,13116,13163,13362,13415,13611,13722,13784,13868,13873,Small Town,50.873660,-2.9600599
18,Hook (Hart),E34000306,7945,7949,7883,7984,7993,8071,8057,8019,8205,Small Town,51.281610,-0.9652899
19,Rainworth,E34000310,7697,7682,7779,7862,8012,8030,8108,8197,8252,Small Town,53.118300,-1.1186999
20,Beverley,E34000313,30621,30553,30609,30750,30587,30779,30964,31116,31130,Medium Town,53.842970,-0.4326999
21,Haverhill,E34000327,27145,27072,27201,27362,27423,27517,27747,27503,27481,Medium Town,52.085130,0.43581000
22,Exmouth,E34000403,34533,34697,34914,35241,35190,35311,35438,35632,35727,Medium Town,50.619580,-3.4133899
23,Crediton,E34000416,7859,7907,7862,8004,7962,8039,8077,8137,8159,Small Town,50.790830,-3.6613399
24,Henley-on-Thames,E34000430,11536,11667,11622,11741,11619,11643,11633,11613,11714,Small Town,51.536120,-0.9036999
25,Snodland,E34000440,10271,10537,10670,10800,11090,11438,11551,11736,11873,Small Town,51.327240,0.44619000
26,Meltham,E34000458,7828,7875,7950,8031,8008,8051,7971,8040,8179,Small Town,53.592260,-1.8494499
27,Minehead,E34000469,11923,11880,11746,11817,11910,11908,12043,12014,12087,Small Town,51.205450,-3.4797099
28,Daventry,E34000473,24031,24160,24137,24250,24465,24840,24983,25464,25781,Medium Town,52.260530,-1.1617799
29,Deal,E34000490,30520,30543,30762,30669,30866,31275,31639,31757,31963,Medium Town,51.223160,1.40306000
30,Hythe,E34000499,20250,20286,20346,20324,20336,20434,20454,20408,20402,Small Town,50.867490,-1.4042599
31,Market Deeping,E34000508,13586,13745,13907,13828,14079,14348,14398,14343,14306,Small Town,52.679230,-0.3208299
32,Glastonbury,E34000521,8463,8562,8534,8598,8706,8660,8681,8755,8783,Small Town,51.147700,-2.7165099
33,Witham,E34000527,25414,25575,25938,25919,26104,26491,26633,26691,26951,Medium Town,51.800990,0.63964000
34,Gerrards Cross,E34000567,20616,20457,20421,20557,20630,20835,21004,21194,21405,Small Town,51.578970,-0.5625699
35,Ulverston,E34000573,11357,11320,11332,11433,11476,11412,11358,11311,11385,Small Town,54.197150,-3.1019399
36,Chapeltown,E34000574,23018,22936,22802,22806,22747,22723,22649,22492,22213,Small Town,54.283330,-5.5833299
37,Hornsea,E34000589,8414,8517,8589,8550,8580,8652,8704,8807,8793,Small Town,53.908390,-0.1718899
38,Maghull,E34000628,27005,26931,26695,26542,26366,26376,25736,25737,25877,Medium Town,53.515860,-2.9441399
39,Thornbury,E34000645,11685,11641,11674,11656,11729,11860,11919,12132,12459,Small Town,50.853030,-4.2738299
40,Street,E34000656,12915,13159,13295,13501,13396,13638,13702,13923,13782,Small Town,51.128950,-2.7460199
41,Frome,E34000692,26273,26519,26699,26979,27227,27350,27372,27937,28168,Medium Town,51.228620,-2.3172899
42,Ross-on-Wye,E34000710,10573,10610,10689,10859,11065,11179,11360,11351,11309,Small Town,51.916490,-2.5817199
43,Storrington,E34000712,8634,8658,8695,8420,8677,8713,8866,8955,9100,Small Town,50.917810,-0.4538599
44,Alnwick,E34000732,8133,8193,8156,8048,8054,8060,8086,7995,7978,Small Town,55.412540,-1.7035399
45,Hailsham,E34000755,20034,20260,20508,20993,21503,21854,22057,22241,22530,Small Town,50.865410,0.25653000
46,Richmond,E34000762,8397,8381,8355,8420,8419,8420,8400,8369,8378,Small Town,51.462350,-0.3027799
47,Mablethorpe,E34000776,12505,12339,12380,12346,12384,12372,12577,12628,12633,Small Town,53.340670,0.25819000
48,Lutterworth,E34000786,9964,9874,10004,10052,10082,10215,10528,10854,10958,Small Town,52.456560,-1.1995899
49,Sidmouth,E34000796,12539,12735,12839,13089,13174,13221,13179,13277,13280,Small Town,50.687440,-3.2375699
50,Epping,E34000815,10316,10494,10556,10622,10833,11015,11185,11155,11152,Small Town,51.700060,0.11270000
51,Torpoint,E34000830,7836,7741,7723,7784,7659,7689,7645,7633,7549,Small Town,50.376040,-4.2079999
52,Hilton (South Derbyshire),E34000839,7766,7879,8015,8172,8189,8224,8333,8469,8588,Small Town,52.872650,-1.6396999
53,Buckingham,E34000850,12930,12904,12869,13050,13706,14070,14777,15235,15379,Small Town,52.000720,-0.9864899
54,Brackley,E34000857,13082,13148,13311,13370,13389,13701,14161,14651,15315,Small Town,52.027520,-1.1489499
55,Ivybridge,E34000867,11879,11975,11922,11881,11744,11766,11727,11740,11757,Small Town,50.387280,-3.9290999
56,Marske-by-the-Sea,E34000879,8261,8160,8156,8200,8049,8049,7998,7937,7998,Small Town,54.591470,-1.0195899
57,Paddock Wood,E34000885,7848,7953,8015,7902,7754,7768,7732,7657,7719,Small Town,51.179710,0.39362000
58,Garforth,E34000891,14789,14875,14861,14788,14828,14833,14752,14584,14464,Small Town,53.796960,-1.3751199
59,Northallerton,E34000922,16862,16878,17025,16837,16786,16976,17002,17045,17030,Small Town,54.338880,-1.4317499
60,Market Warsop,E34000935,9010,9028,8993,9009,9058,9280,9386,9410,9425,Small Town,53.205850,-1.1533099
61,Hayle,E34000980,8230,8306,8304,8328,8399,8377,8560,8708,8839,Small Town,50.192060,-5.4075699
62,Conisbrough,E34000991,15918,15979,15998,16023,15876,15993,15952,15916,15873,Small Town,53.486580,-1.2281599
63,Nantwich,E34000994,17231,17376,17595,17663,17836,18003,18003,17955,17997,Small Town,53.065960,-2.5169299
64,Market Drayton,E34001024,11816,11806,11881,12080,12111,12177,12218,12211,12327,Small Town,52.904660,-2.4868999
65,Portishead,E34001039,23797,24246,24838,25389,25815,26156,26286,26490,26535,Medium Town,51.473960,-2.7696299
66,Marple,E34001064,18204,18266,18285,18466,18513,18662,18593,18676,18621,Small Town,53.395650,-2.0701799
67,Dawlish,E34001067,11305,11467,11618,12026,12350,12564,12814,13048,13355,Small Town,50.581990,-3.4647199
68,Dronfield,E34001068,21114,21145,21099,21090,21006,21071,20927,20956,20964,Small Town,53.304730,-1.4693999
69,Wootton Bassett,E34001070,11263,11513,11716,12006,12575,12604,12792,12926,12943,Small Town,51.543170,-1.9023799
70,Hawkinge,E34001073,8014,8189,8373,8487,8441,8508,8608,8715,8777,Small Town,51.115760,1.16471000
71,Dinnington (Rotherham),E34001117,19893,19999,19970,20161,20401,20585,20433,20542,20443,Small Town,53.365300,-1.2095199
72,Stansted Mountfitchet,E34001119,6723,6860,7236,7440,7630,7829,8048,8151,8469,Small Town,51.902630,0.19662000
73,Balsall Common,E34001126,7051,7001,7168,7273,7230,7258,7343,7449,7516,Small Town,52.385900,-1.6461299
74,Faringdon,E34001202,7156,7427,7568,7772,7955,8011,8093,8098,7992,Small Town,51.656280,-1.5867599
75,Ferryhill,E34001233,9806,9700,9657,9569,9572,9460,9445,9362,9268,Small Town,54.688780,-1.5576199
76,Raunds,E34001247,8637,8541,8566,8569,8571,8661,8822,8972,9165,Small Town,52.343350,-0.5468099
77,Halstead,E34001263,11934,11977,11897,11975,11992,12194,12127,12051,12161,Small Town,51.943990,0.63582000
78,Newport (Isle of Wight),E34001267,24937,25159,24925,25240,25518,25622,25773,25926,25844,Medium Town,50.700100,-1.2958899
79,Ponteland,E34001322,10124,10170,10284,10297,10341,10406,10480,10380,10465,Small Town,55.049730,-1.7427799
80,Oakham,E34001373,10935,11000,11090,11305,11189,11065,11136,11157,11191,Small Town,52.670040,-0.7310499
81,Okehampton,E34001398,7665,7754,7782,7901,8164,8248,8470,8643,8805,Small Town,50.739470,-4.0018199
82,Clitheroe,E34001416,14801,14905,15093,15143,15374,15587,15974,16279,16653,Small Town,53.872740,-2.3917899
83,Petersfield,E34001430,14998,14955,14936,14973,15005,15093,15246,15390,15450,Small Town,51.003890,-0.9370499
84,Louth,E34001434,16466,16538,16641,16766,16845,16852,16991,17137,17413,Small Town,53.366490,-0.0074099
85,Ashington (Northumberland),E34001445,27685,27736,27803,27720,27761,27664,27993,28100,28139,Medium Town,55.183540,-1.5694099
86,Newmarket,E34001461,20464,20244,20386,20790,20875,20472,20977,21061,20819,Small Town,52.250190,0.39862000
87,Heswall,E34001481,29735,29850,29762,29683,29609,29509,29467,29541,29436,Medium Town,53.329180,-3.0985699
88,Sheerness,E34001491,12004,12273,12326,12518,12725,13088,13270,13422,13418,Small Town,51.438840,0.76466000
89,Driffield,E34001493,13111,13165,13175,13092,12930,12980,13049,12966,13117,Small Town,54.008940,-0.4363099
90,Retford,E34001504,22033,22097,22337,22542,22813,22955,23247,23277,23348,Small Town,53.325190,-0.9452799
91,Radcliffe on Trent,E34001518,7501,7432,7461,7502,7569,7589,7517,7532,7551,Small Town,52.946130,-1.0287099
92,Leominster,E34001545,10933,11002,11119,11145,11191,11183,11417,11633,11614,Small Town,52.227090,-2.7449199
93,Bodmin,E34001604,14672,14859,15100,15170,15447,15601,15681,15868,16000,Small Town,50.471230,-4.7173399
94,Caister-on-Sea,E34001609,8891,8850,8950,8972,9025,8972,8898,8911,8801,Small Town,52.648090,1.72648000
95,Devizes,E34001645,18082,18554,18760,18937,18877,19006,18907,18978,19097,Small Town,51.351620,-1.9951299
96,Cotgrave,E34001686,7195,7273,7356,7303,7357,7260,7481,7836,8113,Small Town,52.909120,-1.0474599
97,Elland,E34001704,15651,15761,15950,16053,16085,16236,16153,16248,16255,Small Town,53.686230,-1.8358799
98,Bishop's Stortford,E34001711,38005,38338,38824,39392,39682,39863,40089,40423,40815,Medium Town,51.872930,0.16161000
99,Kenilworth,E34001715,22397,22219,22080,22017,21758,21450,21490,21682,21616,Small Town,52.343180,-1.5796699
100,New Romney,E34001759,9676,9624,9691,9716,9754,9983,9941,10009,9989,Small Town,50.986780,0.94647000
101,Highworth,E34001766,7882,7869,7863,7849,8003,7941,7867,7829,7750,Small Town,51.630840,-1.7119299
102,South Ockendon,E34001850,19505,19844,20169,20562,21061,21491,21794,22055,22303,Small Town,51.502480,0.28350000
103,West Chiltington Common,E34001895,7479,7584,7700,7871,7864,7903,7891,7892,7867,Small Town,50.946799,-0.4617741
104,New Rossington,E34001896,13536,13502,13432,13453,13500,13346,13295,13375,13656,Small Town,53.473440,-1.0615399
105,Brightlingsea,E34001940,8069,8127,8171,8252,8290,8417,8557,8573,8651,Small Town,51.810420,1.02868000
106,Stanford-le-Hope,E34001958,28724,28451,28387,28476,28617,28786,29064,29059,29004,Medium Town,51.514130,0.41519000
107,Yeovil,E34001962,45964,46523,46921,47385,47576,47919,48303,48590,48615,Medium Town,50.948700,-2.6394699
108,Amesbury,E34001982,10198,10373,10570,10628,10616,10726,11149,11404,11754,Small Town,51.169480,-1.7771999
109,Crook,E34001993,9488,9516,9457,9453,9492,9561,9546,9542,9627,Small Town,54.714340,-1.7487499
110,Maldon,E34002041,21507,21569,21783,21848,21824,21945,21810,21886,22032,Small Town,51.731430,0.67542000
111,Sudbury,E34002053,22268,22471,22696,22915,23093,23177,23456,23626,23842,Small Town,52.038620,0.73439000
112,Brandon (County Durham),E34002054,9576,9553,9546,9572,9834,9920,9967,10134,10177,Small Town,54.749980,-1.6215499
113,Ormskirk,E34002061,24018,24395,24747,24971,25288,25523,26121,26327,26262,Medium Town,53.566250,-2.8862399
114,Blyth (Northumberland),E34002074,37425,37434,37455,37513,37959,38388,38794,39251,39535,Medium Town,55.123590,-1.5156899
115,Holbeach,E34002085,7900,7838,7873,7927,7946,8142,8274,8400,8418,Small Town,52.803960,0.01450000
116,Southwater,E34002164,8712,8687,8730,9041,9097,9168,9206,9239,9313,Small Town,51.023500,-0.3525699
117,Newquay,E34002180,20218,20284,20615,20628,20892,21392,21889,22218,22612,Small Town,50.412830,-5.0711699
118,Hemsworth,E34002182,9269,9321,9310,9384,9271,9312,9350,9357,9425,Small Town,53.340070,-1.4694799
119,Bewdley,E34002199,8576,8590,8665,8657,8666,8611,8558,8589,8686,Small Town,52.376000,-2.3147599
120,Thirsk,E34002254,9976,10054,10057,10191,10264,10405,10554,10760,10946,Small Town,54.232730,-1.3420499
121,Huntingdon,E34002257,24109,24268,24472,25024,25404,25730,25908,25825,26004,Medium Town,52.335230,-0.1893599
122,Shirebrook,E34002285,10916,10974,11172,11343,11549,11632,11750,12009,12408,Small Town,53.202650,-1.2193599
123,Sherborne,E34002367,9495,9552,9636,9756,9729,9754,9815,9922,9894,Small Town,50.949360,-2.5216599
124,Silsden,E34002384,7901,7998,8047,8046,8095,8064,8005,7991,7996,Small Town,53.915880,-1.9357699
125,Honiton,E34002446,11507,11518,11489,11526,11514,11478,11516,11588,11549,Small Town,50.797390,-3.1968699
126,Chippenham (Wiltshire),E34002470,35886,35954,36024,36127,35980,36016,35919,35719,35469,Medium Town,51.461110,-2.1195099
127,Gillingham (North Dorset),E34002474,11319,11364,11410,11426,11524,11538,11585,11549,11490,Small Town,51.038680,-2.2782299
128,Tring,E34002511,11936,11939,11893,11957,12050,12177,12267,12307,12297,Small Town,51.793540,-0.6627999
129,Guisborough,E34002512,16951,16917,16999,17035,17019,17086,17301,17665,17795,Small Town,54.535610,-1.0522899
130,Rugeley,E34002554,24065,24294,24391,24502,24414,24526,24487,24683,24725,Small Town,52.758680,-1.9370199
131,Saffron Walden,E34002562,15277,15450,15721,15885,16356,16522,16719,16825,17012,Small Town,52.020590,0.23990000
132,Knutsford,E34002605,13230,13271,13250,13281,13220,13340,13286,13164,13095,Small Town,53.304310,-2.3762999
133,Biggleswade,E34002609,16630,17117,17488,17972,18604,19309,20221,20983,21673,Small Town,52.086980,-0.2616199
134,Ripon,E34002624,16534,16733,16669,16450,16409,16203,16181,16173,16121,Small Town,54.136120,-1.5243499
135,Selsey,E34002637,10520,10450,10503,10519,10500,10460,10486,10533,10519,Small Town,50.741910,-0.7826299
136,Ilfracombe,E34002653,11169,11108,11126,11069,11023,10990,11068,11055,10946,Small Town,51.208250,-4.1232499
137,Newton Aycliffe,E34002689,25980,25964,25726,25767,25778,25833,25859,26065,26116,Medium Town,54.619120,-1.5714899
138,South Woodham Ferrers,E34002729,16447,16374,16416,16488,16320,16273,16239,16137,15978,Small Town,51.653240,0.60763000
139,Lichfield,E34002733,33003,33188,33350,33479,33629,33704,33816,33970,34169,Medium Town,52.684170,-1.8188599
140,Blackfield,E34002766,13741,13879,13776,13874,13809,13713,13594,13537,13505,Small Town,50.818430,-1.3728299
141,Yaxley,E34002796,9191,9315,9402,9479,9371,9352,9412,9554,9505,Small Town,52.518670,-0.2547699
142,Lymm,E34002801,11638,11702,11857,11971,11985,11973,11950,11870,11908,Small Town,53.379620,-2.4870599
143,Dereham,E34002816,20732,20803,20874,21051,21119,21079,21246,21434,21362,Small Town,52.680230,0.94491000
144,Newport (Telford and Wrekin),E34002854,12702,12700,12544,12459,12592,12859,13184,13442,13539,Small Town,52.730230,-2.4887221
145,Beaconsfield,E34002872,13836,14035,14264,14443,14619,14699,14650,14677,14667,Small Town,51.611860,-0.6469899
146,Croesowallt,E34002877,18814,18791,18998,19184,19257,19577,19850,19886,20119,Small Town,52.981740,-4.0399199
147,Chapel-en-le-Frith,E34002878,6607,6533,6621,6613,6729,6847,7113,7356,7614,Small Town,53.322940,-1.9165099
148,Longridge,E34002906,7580,7493,7519,7608,7753,7812,7936,8068,8087,Small Town,53.829110,-2.6006899
149,Verwood,E34002917,13394,13475,13591,13683,13636,13650,13745,13673,13650,Small Town,50.881740,-1.8787099
150,Whitchurch (Shropshire),E34002927,9722,9712,9855,9883,10011,9917,9968,10111,10211,Small Town,52.970570,-2.6851999
151,Tidworth,E34002963,10023,10061,10098,10305,10971,10943,11304,11507,11686,Small Town,51.237100,-1.6640299
152,Barton-upon-Humber,E34002993,11080,11115,11227,11374,11449,11529,11659,11709,11670,Small Town,53.684640,-0.4437799
153,Keynsham,E34003029,15612,15670,15839,15869,16285,16739,17293,17945,18361,Small Town,51.414590,-2.4969599
154,Sleaford,E34003071,17412,17594,17656,17858,17823,17912,17983,18331,18569,Small Town,52.994800,-0.4108399
155,Barrow-in-Furness,E34003078,45864,45322,44965,44874,44795,44662,44407,44407,44513,Medium Town,54.111020,-3.2258099
156,Clowne,E34003098,7601,7617,7667,7714,7827,7898,8129,8303,8393,Small Town,53.274810,-1.2644499
157,Chatteris,E34003102,10358,10434,10557,10684,10890,10858,11000,11115,10978,Small Town,52.453620,0.04867000
158,Brixham,E34003104,16681,16758,16801,16843,16794,16796,16977,16986,16982,Small Town,50.394190,-3.5167799
159,Murton (County Durham),E34003109,7396,7452,7578,7711,7720,7670,7580,7549,7536,Small Town,54.815470,-1.3834399
160,Tiverton,E34003112,19606,19714,19727,19875,19946,19975,20150,20411,20587,Small Town,50.905550,-3.4937699
161,Hurstpierpoint,E34003124,12755,12871,13090,13256,13406,13572,13729,13796,13926,Small Town,50.932760,-0.1759699
162,South Hayling,E34003129,15479,15520,15673,15746,15773,15646,15885,16034,16020,Small Town,50.789690,-0.9772999
163,Swaffham,E34003165,7257,7213,7424,7438,7602,7837,8052,8209,8278,Small Town,52.644020,0.68976000
164,Ledbury,E34003168,8853,8917,9027,9131,9157,9182,9202,9198,9156,Small Town,52.039560,-2.4245899
165,Skipton,E34003174,14613,14680,14630,14618,14709,14875,15047,15170,15329,Small Town,53.960210,-2.0178899
166,Bradford on Avon,E34003178,9162,9286,9290,9443,9475,9596,9638,9605,9756,Small Town,51.348340,-2.2517699
167,Sherburn in Elmet,E34003205,6670,6700,6780,6820,6829,6880,7110,7482,7854,Small Town,53.797360,-1.2518099
168,Ludlow,E34003206,10532,10570,10555,10591,10519,10477,10537,10516,10557,Small Town,52.370570,-2.7189999
169,Bingham,E34003218,9153,9214,9491,9706,9930,10051,10220,10268,10197,Small Town,52.950610,-0.9563899
170,Lewes,E34003222,17357,17575,17657,17822,17767,17890,17880,17980,17943,Small Town,50.873220,0.01063000
171,Haxby,E34003244,11862,11782,11792,11808,11807,11902,11771,11715,11679,Small Town,54.015720,-1.0740299
172,Shaftesbury,E34003253,7324,7750,7944,8152,8431,8637,8726,8782,8935,Small Town,51.006050,-2.1873399
173,Calne,E34003294,17335,17317,17494,17753,18007,18126,18089,18204,18408,Small Town,51.437670,-2.0049299
174,King's Hill,E34003297,7527,7788,7989,8284,8449,8585,8883,8935,8996,Small Town,51.272420,0.38806000
175,Cobham (Elmbridge),E34003299,17298,17754,17983,18313,18365,18512,18675,18955,19127,Small Town,52.307870,-2.1473999
176,Beccles,E34003308,13868,13918,14021,14072,14121,14123,14167,14192,14197,Small Town,52.453670,1.56687000
177,Tiptree,E34003332,9168,9199,9113,9247,9301,9331,9220,9186,9219,Small Town,51.816450,0.74535000
178,Peacehaven,E34003343,18556,19039,19289,19100,19473,19609,20025,20165,20247,Small Town,50.791840,-0.0036199
179,Leighton Buzzard,E34003354,37648,38397,39145,39867,40697,41366,41814,42050,42573,Medium Town,51.917350,-0.6638999
180,Broughton Astley,E34003376,8994,9037,9017,8914,8893,8886,8950,9144,9220,Small Town,52.531920,-1.2252299
181,Whittlesey,E34003389,12749,12826,12796,12867,12924,12878,12959,13224,13329,Small Town,52.558520,-0.1318099
182,Brandon (Forest Heath),E34003397,9178,9017,9082,9357,9406,9213,9484,9474,9343,Small Town,52.442182,0.62126795
183,Bourne,E34003418,13948,14191,14591,15006,15473,15810,16145,16470,16780,Small Town,52.769620,-0.3769799
184,Cheadle,E34003425,11438,11388,11335,11313,11280,11303,11223,11232,11353,Small Town,53.395260,-2.2124299
185,Fleetwood,E34003462,25320,25169,25214,25303,25464,25575,25659,25553,25632,Medium Town,53.921350,-3.0144099
186,Shildon,E34003463,9957,9905,9830,9782,9812,9802,9908,9984,9938,Small Town,54.628880,-1.6522999
187,Ashby-de-la-Zouch,E34003491,12389,12425,12648,12806,13096,13435,13803,14157,14528,Small Town,52.748160,-1.4741699
188,Harpenden,E34003511,30314,30425,30550,30769,30925,31141,31167,31392,31613,Medium Town,51.816340,-0.3566499
189,Attleborough,E34003517,10596,10649,10852,10906,11050,11306,11518,11632,11659,Small Town,52.519070,1.01446000
190,Fleet,E34003525,38877,39448,39987,40306,40847,41048,41233,41592,42262,Medium Town,51.276880,-0.8424199
191,Ramsey (Huntingdonshire),E34003541,7822,7792,7936,7916,7973,7908,7825,7795,7765,Small Town,52.375084,-0.2213210
192,Wantage,E34003553,18574,18700,19006,19059,18985,19118,19397,19610,19834,Small Town,51.591820,-1.4236999
193,East Leake,E34003561,6340,6433,6546,6607,6679,6832,7181,7593,7996,Small Town,52.833280,-1.1775899
194,New Ollerton,E34003574,9846,9905,10039,10204,10375,10556,10623,10819,10955,Small Town,53.203670,-1.0112799
195,Uttoxeter,E34003596,13107,13191,13200,13172,13176,13130,13105,13283,13467,Small Town,52.896980,-1.8697799
196,Bircotes,E34003597,7960,7907,7861,7785,7864,7941,8134,8303,8506,Small Town,53.416600,-1.0503099
197,North Walsham,E34003606,12467,12415,12447,12479,12504,12462,12514,12586,12710,Small Town,52.818500,1.38491000
198,Seaton (East Devon),E34003628,8387,8421,8444,8402,8502,8562,8684,8740,8837,Small Town,50.704770,-3.0751699
199,Stotfold,E34003657,6864,7067,7269,7550,8032,8143,8243,8382,8538,Small Town,52.015450,-0.2308899
200,Shepshed,E34003678,13497,13560,13526,13601,13671,13773,13969,13863,14059,Small Town,52.770950,-1.2889399
201,Clacton-on-Sea,E34003679,50547,50889,51271,51836,52544,53016,53398,53685,53768,Medium Town,51.801920,1.15341000
202,Whitby,E34003687,13196,13097,13182,13048,13049,13045,13029,13014,13143,Small Town,54.485220,-0.6151399
203,Ashbourne,E34003707,8385,8391,8488,8538,8612,8676,8801,8993,9163,Small Town,53.018290,-1.7325999
204,Congleton,E34003723,26222,26387,26360,26341,26405,26322,26250,26379,26380,Medium Town,53.164110,-2.2118199
205,Todmorden,E34003742,11686,11929,11893,11974,12035,12080,12115,12159,12171,Small Town,53.714310,-2.0972999
206,Stocksbridge,E34003743,13052,12972,12832,12866,12854,12800,12909,12979,13053,Small Town,53.481950,-1.5910999
207,Shifnal,E34003749,6242,6254,6375,6498,6623,6727,6995,7267,7618,Small Town,52.665480,-2.3727299
208,Twyford (Wokingham),E34003750,7557,7608,7685,7626,7670,7671,7647,7801,7854,Small Town,51.425980,-0.8397310
209,Spennymoor,E34003756,17756,18016,18124,18304,18496,18745,18917,19226,19607,Small Town,54.701970,-1.5821899
210,Stubbington,E34003761,24845,24959,25018,25103,25092,25364,25363,25300,25239,Medium Town,50.828920,-1.2170999
211,Alton (East Hampshire),E34003769,18323,18427,18645,18749,19099,19293,19268,19371,19785,Small Town,51.147650,-0.9748699
212,Radlett,E34003774,8185,8164,8203,8132,8151,8160,8135,8158,8108,Small Town,51.683580,-0.3171899
213,Neston,E34003804,15053,15025,15015,15138,15242,15210,15202,15124,15104,Small Town,53.290720,-3.0645699
214,Middlewich,E34003809,13628,13654,13666,13891,13961,14109,14138,14084,14130,Small Town,53.192330,-2.4531699
215,Edenbridge,E34003851,8218,8349,8573,8820,8838,8816,8831,8955,9004,Small Town,51.197410,0.06473000
216,Maryport,E34003862,9564,9555,9618,9605,9463,9556,9517,9501,9538,Small Town,54.712500,-3.4964399
217,Wymondham (South Norfolk),E34003864,13665,13749,14012,14374,14778,14908,15267,15606,16441,Small Town,52.570330,1.11595000
218,Saltash,E34003892,15588,15759,15746,15924,15847,15830,15919,15891,15762,Small Town,50.408830,-4.2132399
219,Potters Bar,E34003904,22697,22683,22667,22943,23137,23367,23537,23505,23429,Small Town,51.693130,-0.1783299
220,Clevedon,E34003928,21039,20981,21090,21100,21217,21175,21117,21128,21138,Small Town,51.435930,-2.8550599
221,Tavistock,E34004090,12305,12314,12376,12493,12384,12485,12504,12471,12545,Small Town,50.550080,-4.1448499
222,Codsall,E34004099,11679,11662,11669,11708,11682,11681,11674,11752,11886,Small Town,52.626610,-2.1801099
223,Cockermouth,E34004122,9144,9171,9189,9167,9254,9202,9382,9372,9495,Small Town,54.663700,-3.3649299
224,Blandford Forum,E34004125,11759,12037,12151,12249,12331,12323,12362,12344,12363,Small Town,50.862620,-2.1587999
225,Sittingbourne,E34004134,49189,49829,50341,51019,51354,52144,52553,53091,53554,Medium Town,51.340840,0.73791000
226,Buxton (High Peak),E34004138,22121,22380,22388,22427,22597,22580,22661,22596,22437,Small Town,53.339700,-1.9281076
227,Newhaven,E34004141,13255,13295,13302,13498,13647,13846,14019,14031,14118,Small Town,50.795100,0.04618000
228,Hadleigh,E34004142,8164,8098,8321,8556,8656,8749,8676,8734,8825,Small Town,51.551330,0.61409000
229,Thetford,E34004143,24986,25432,25659,26246,26629,27010,27269,27286,27290,Medium Town,52.413290,0.74072000
230,Billingshurst,E34004149,6955,6941,7106,7259,7470,7675,7809,7854,7989,Small Town,51.021200,-0.4524999
231,Annfield Plain,E34004151,10398,10413,10379,10566,10776,10833,10808,10794,10894,Small Town,54.859430,-1.7385299
232,Emsworth,E34004153,18791,18915,19010,19151,19537,19625,19762,19882,20046,Small Town,50.853850,-0.9375499
233,Tarleton,E34004155,8571,8611,8470,8532,8625,8684,8654,8641,8624,Small Town,53.679730,-2.8305399
234,Westbury (Wiltshire),E34004157,17056,17210,17535,17708,17769,17711,17860,17905,18057,Small Town,51.257460,-2.1851299
235,Towcester,E34004170,9101,9128,9228,9407,9544,9578,9721,9885,10354,Small Town,52.130590,-0.9871099
236,Totnes,E34004175,8083,8193,8295,8372,8302,8316,8496,8724,8844,Small Town,50.434490,-3.6898399
237,Hinckley,E34004181,45375,45742,46110,46765,47391,48182,48841,49408,49741,Medium Town,52.542450,-1.3727199
238,Yarm,E34004185,19188,19271,19363,19407,19432,19464,19570,19571,19896,Small Town,54.508600,-1.3541299
239,Princes Risborough,E34004187,8214,8350,8301,8255,8148,8159,8017,8029,8101,Small Town,51.721820,-0.8324499
240,Seaham,E34004190,22371,22415,22442,22474,22507,22660,22579,22651,22578,Small Town,54.837680,-1.3416499
241,Hexham,E34004191,11382,11349,11310,11369,11291,11321,11371,11400,11378,Small Town,54.969990,-2.1012699
242,Belper,E34004193,23484,23599,23829,23991,24007,24085,24101,23977,23891,Small Town,53.028860,-1.4759399
243,Littleport,E34004196,7970,8118,8290,8486,8643,8707,8869,8916,9053,Small Town,52.459370,0.30207000
244,Freckleton,E34004197,8047,7952,8004,8088,8089,8197,8350,8453,8628,Small Town,53.752120,-2.8782999
245,Berwick-upon-Tweed,E34004204,13256,13329,13431,13439,13399,13426,13479,13476,13516,Small Town,55.771610,-2.0074899
246,Stratford-upon-Avon,E34004210,27941,28002,28541,28701,28813,29121,29565,30095,30543,Medium Town,52.194240,-1.7075199
247,Wombourne,E34004213,13528,13522,13578,13542,13617,13555,13628,13687,13680,Small Town,52.536850,-2.1873099
248,Burgess Hill,E34004217,30735,31019,31108,31338,31597,31911,31889,32264,32495,Medium Town,50.955530,-0.1391899
249,Spalding,E34004218,31702,32128,32615,33482,34092,34674,35135,35702,36334,Medium Town,52.788370,-0.1514899
250,Ampthill,E34004222,20074,20391,20611,20830,21056,21267,21339,21593,22089,Small Town,52.028400,-0.4947899
251,Matlock,E34004225,14955,15105,15064,15248,15509,15497,15647,15652,15864,Small Town,53.135700,-1.5482099
252,Aveley,E34004228,7998,8033,8105,8224,8514,8882,9107,9276,9461,Small Town,51.499190,0.25318000
253,Morpeth,E34004229,14377,14410,14510,14640,14581,14526,14698,14936,15130,Small Town,55.167470,-1.6903099
254,Fakenham,E34004233,8303,8328,8457,8478,8440,8433,8464,8552,8614,Small Town,52.834700,0.85023000
255,Lydney,E34004240,8769,8816,8869,9056,9147,9265,9209,9243,9386,Small Town,51.724600,-2.5355499
256,Brentwood,E34004246,52808,52989,53555,54452,54956,55072,54885,54977,55285,Medium Town,51.620650,0.30351000
257,Winsford (Cheshire West and Chester),E34004256,30256,30348,30369,30288,30506,30556,30751,31159,31434,Medium Town,53.199382,-2.7320607
258,Kirkby,E34004262,42775,42739,42828,42633,42811,42987,43136,43368,43796,Medium Town,53.099820,-1.2437899
259,Desborough,E34004266,10721,11011,11097,11205,11152,11213,11445,11515,11520,Small Town,52.440300,-0.8230599
260,Biddulph,E34004267,17713,17725,17762,17914,18023,18101,18198,18077,18049,Small Town,53.115800,-2.1761199
261,Featherstone (Wakefield),E34004270,11088,11110,11136,11194,11257,11447,11655,11834,11959,Small Town,53.675432,-1.3686545
262,Witney,E34004274,29219,29465,29784,29863,30143,30153,30310,30426,30518,Medium Town,51.782640,-1.4961699
263,Liskeard,E34004277,9269,9352,9382,9553,9480,9489,9453,9574,9552,Small Town,50.453810,-4.4660599
264,Faversham,E34004278,19887,19872,19939,20174,20248,20357,20468,20571,20606,Small Town,51.309730,0.88291000
265,Market Harborough,E34004281,22986,23325,23802,24111,24869,25142,25446,25669,26059,Medium Town,52.479530,-0.9226299
266,Swanage,E34004282,10439,10423,10415,10549,10597,10572,10624,10670,10658,Small Town,50.612030,-1.9641399
267,Evesham,E34004292,23702,24015,24239,24537,25589,26422,27382,27913,28482,Medium Town,52.091770,-1.9486199
268,Canvey Island,E34004293,38142,38179,38156,38383,38567,38740,38602,38689,38849,Medium Town,51.520410,0.59228000
269,Great Malvern,E34004294,36796,37104,37437,37898,37898,37989,38026,38263,38204,Medium Town,52.111430,-2.3299299
270,Cambourne,E34004302,8334,8729,8970,9475,9638,9917,10076,10390,10487,Small Town,52.220670,-0.0712499
271,Salisbury,E34004306,44791,44909,44805,45137,45657,45824,46309,46201,46292,Medium Town,51.069540,-1.8002599
272,Crewkerne,E34004321,7841,7925,7912,8069,8001,8000,7962,8023,8025,Small Town,50.884520,-2.7959799
273,Ilkley,E34004322,14752,14659,14829,14870,15041,15066,15033,14836,14811,Small Town,53.924450,-1.8221799
274,Skegness,E34004327,24876,24788,24731,24874,25015,25080,25221,25525,25641,Medium Town,53.145270,0.33700000
275,Formby,E34004335,23297,23298,23221,23253,23209,23275,23365,23314,23207,Small Town,53.556780,-3.0613499
276,Sandbach,E34004336,17994,18138,18194,18216,18655,19052,19482,20154,20755,Small Town,53.143470,-2.3651699
277,St Ives (Cornwall),E34004338,9966,10009,10038,10025,9899,9778,9650,9616,9505,Small Town,50.210320,-5.4856899
278,Pocklington,E34004340,8360,8377,8474,8498,8661,8822,8972,9118,9468,Small Town,53.930670,-0.7782499
279,Melton Mowbray,E34004343,27248,27429,27456,27631,27472,27511,27408,27623,27670,Medium Town,52.766440,-0.8898099
280,Catterick Garrison,E34004346,12955,13395,13372,12357,11981,13070,12673,12267,12574,Small Town,54.377000,-1.7226599
281,Tonbridge,E34004349,38703,39206,39187,39647,40268,40571,40968,41293,41624,Medium Town,51.200130,0.27649000
282,Penkridge,E34004367,7816,7734,7772,7744,7815,7763,7695,7871,7993,Small Town,52.722990,-2.1160599
283,Boston,E34004383,41340,41654,42573,43174,43713,44337,44914,45618,46092,Medium Town,52.974780,-0.0293799
284,Crowborough,E34004388,20744,20978,21241,21583,21644,21859,21876,21915,21890,Small Town,51.053220,0.17190000
285,King's Lynn,E34004389,46198,46592,46907,47650,48144,48537,49000,48821,48691,Medium Town,52.757300,0.41573000
286,Haywards Heath,E34004392,33962,34535,35282,36042,36574,37277,37683,38062,38509,Medium Town,50.997230,-0.1029799
287,Bridgwater,E34004393,41479,41728,42357,42829,43470,43782,44095,44288,44394,Medium Town,51.127600,-3.0136999
288,Gainsborough,E34004397,20922,21053,21354,21821,22191,22730,22841,23023,23243,Small Town,53.395910,-0.7728099
289,Dover,E34004398,41771,42048,42476,43113,43297,43932,44430,44846,45013,Medium Town,51.125760,1.31774000
290,Oxted,E34004409,13468,13461,13549,13576,13575,13621,13606,13634,13840,Small Town,51.255010,-0.0031199
291,Shepton Mallet,E34004415,10408,10458,10360,10476,10641,10685,10689,10731,10810,Small Town,51.189760,-2.5469199
292,Stone (Stafford),E34004421,16400,16421,16530,16458,16296,16368,16571,16650,16979,Small Town,52.861091,-2.2364919
293,Polesworth,E34004426,9659,9691,9696,9759,9762,9801,9931,10122,10298,Small Town,52.621470,-1.6141699
294,Tewkesbury,E34004442,19889,20121,20448,20799,20722,20731,20876,21195,21305,Small Town,51.992970,-2.1494599
295,Bulford Camp,E34004453,8866,9047,9420,9626,9531,9515,9701,10310,10704,Small Town,51.193850,-1.7342799
296,Barnstaple,E34004471,31654,31532,31548,31639,31710,31819,32161,32411,32775,Medium Town,51.078440,-4.0557899
297,Melksham,E34004479,19404,19324,19246,19362,19482,19569,19681,19794,19618,Small Town,51.374380,-2.1352399
298,Warminster,E34004483,17740,17774,17869,17830,17929,17797,17816,17904,17824,Small Town,51.205330,-2.1831599
299,Bridport,E34004484,13722,13653,13615,13683,13655,13651,13590,13690,13651,Small Town,50.733580,-2.7579899
300,Thame,E34004485,11359,11482,11612,11636,11603,11715,11571,11514,11565,Small Town,51.748560,-0.9799899
301,Durham,E34004487,47672,48196,49633,49780,50030,51039,51837,53717,55507,Medium Town,54.777570,-1.5747499
302,Redcar,E35000002,37104,37128,36849,36945,37156,37367,37480,37680,38001,Medium Town,54.614040,-1.0681999
303,Kidderminster,E35000003,55591,55748,55967,56337,56795,57155,57697,57918,57929,Medium Town,52.388320,-2.2500099
304,Chadderton,E35000004,34836,35140,35157,35339,35722,35799,35902,36146,36208,Medium Town,53.545080,-2.1412299
305,Longbenton,E35000006,37185,37260,37408,37475,37449,37694,37858,38365,38778,Medium Town,55.010840,-1.5799299
306,Ramsbottom,E35000015,17870,17927,17837,17789,17827,17799,17746,17651,17632,Small Town,53.648690,-2.3185199
307,Holmfirth,E35000021,21682,21687,21799,21824,21969,21988,22147,21992,22001,Small Town,53.571570,-1.7865199
308,Bentley,E35000033,27170,27026,26938,26965,26956,26967,27110,27275,27297,Medium Town,53.548760,-1.1467699
309,Wednesbury,E35000035,19032,19153,19397,19402,19347,19387,19366,19435,19404,Small Town,52.552730,-2.0191599
310,Bursledon,E35000036,6995,7054,6997,7086,7161,7122,7102,7274,7713,Small Town,50.889810,-1.3146799
311,Hyde (Tameside),E35000037,34097,34288,34351,34370,34555,34937,35199,35456,35576,Medium Town,53.448970,-2.0281248
312,Clayton-le-Moors,E35000042,8487,8235,8188,8179,8088,8117,8040,8178,8166,Small Town,53.778090,-2.3838199
313,Birstall,E35000043,12220,12444,12635,13007,13264,13447,13532,13760,13793,Small Town,53.735030,-1.6640099
314,Urmston,E35000044,41830,41804,42015,42342,42194,42129,42279,42248,42114,Medium Town,53.446870,-2.3527999
315,Poynton,E35000050,15264,15295,15038,15242,15205,15173,15146,15161,15407,Small Town,53.348730,-2.1224199
316,Hindley,E35000052,24508,24582,24448,24438,24663,24588,24700,24789,24853,Small Town,53.533620,-2.5808399
317,Innsworth,E35000057,13572,13700,13815,13905,13809,14025,14007,14252,14707,Small Town,51.888560,-2.2029599
318,Uppermill,E35000064,13451,13427,13588,13583,13685,13793,13704,13708,13666,Small Town,53.547580,-2.0063699
319,Seaton Delaval,E35000067,7508,7573,7661,7751,7867,8066,8136,8227,8291,Small Town,55.073300,-1.5268099
320,Sedgley,E35000069,30972,30963,30963,31219,31202,31198,31313,31381,31224,Medium Town,52.545120,-2.1230299
321,Sandy,E35000070,10936,11113,11344,11427,11580,11787,11777,11812,11818,Small Town,52.129280,-0.2911099
322,Launceston,E35000071,7639,7876,8103,8346,8583,8665,8837,9097,9317,Small Town,50.637180,-4.3632799
323,Gorleston-on-Sea,E35000079,24767,24757,24690,24744,24704,24804,24726,24714,24839,Small Town,52.573010,1.73069000
324,North Ascot,E35000083,10218,10077,10124,10201,10179,10327,10324,10368,10403,Small Town,51.428270,-0.6864599
325,Walton-on-the-Naze,E35000084,12019,11953,12009,12100,12267,12373,12429,12387,12557,Small Town,51.848710,1.26733000
326,Dunscroft,E35000092,14328,14500,14442,14321,14393,14367,14360,14222,14130,Small Town,53.575260,-1.0201299
327,Ware,E35000104,18868,19034,19278,19517,19692,19903,20004,19970,20092,Small Town,51.817460,-0.0354999
328,Northam,E35000106,10647,10511,10569,10616,10619,10656,10782,10820,10857,Small Town,51.040170,-4.2133399
329,Baldock,E35000114,10271,10321,10467,10638,10600,10621,10670,10576,10624,Small Town,51.988830,-0.1878699
330,Letchworth Garden City,E35000115,33305,33692,33839,34220,34227,34453,34697,34473,34503,Medium Town,51.980090,-0.2268599
331,Chorley,E35000120,36419,37061,37628,37813,37988,38431,38557,38724,38958,Medium Town,53.652040,-2.6321099
332,Guiseley,E35000121,11923,12183,12327,12420,12429,12532,12545,12492,12320,Small Town,53.871910,-1.7104699
333,Swanley,E35000135,16275,16407,16396,16564,16732,17032,17138,17243,17423,Small Town,51.398110,0.17388000
334,Horwich,E35000136,19500,19672,19710,19846,19876,19816,19742,19662,19764,Small Town,53.600670,-2.5470599
335,Thornton (Wyre),E35000137,18956,18808,18821,19052,19239,19365,19550,19829,20021,Small Town,56.163640,-3.1448999
336,Ruddington,E35000138,7027,7085,7128,7127,7131,7272,7448,7568,7651,Small Town,52.892320,-1.1494199
337,Chorleywood,E35000141,12954,13186,13153,13296,13483,13559,13514,13524,13434,Small Town,51.654800,-0.5214799
338,Hedon,E35000146,8207,8231,8278,8357,8471,8475,8383,8446,8401,Small Town,53.739450,-0.1974099
339,Saltdean,E35000153,12879,13170,13274,13249,13409,13397,13382,13332,13258,Small Town,50.807230,-0.0415099
340,Romiley,E35000157,34739,34694,34869,34881,35071,35194,35144,35143,35329,Medium Town,53.413840,-2.0909199
341,Clifton (City of Nottingham),E35000158,22315,22846,22788,22865,23064,23166,23147,23073,22822,Small Town,52.908710,-1.1852999
342,South Elmsall,E35000159,10369,10375,10356,10441,10642,10786,10991,11263,11301,Small Town,53.598720,-1.2813299
343,Ashton-in-Makerfield,E35000166,28772,28697,28622,28627,28503,28386,28397,28340,28283,Medium Town,53.483330,-2.6499999
344,Prescot,E35000170,37885,37915,38129,38182,38319,38213,38321,38290,38570,Medium Town,53.430260,-2.8030099
345,South Kirkby,E35000175,8550,8536,8622,8689,8778,8813,8862,8914,9019,Small Town,53.594610,-1.3125599
346,Eccles,E35000181,38750,39202,39118,39608,39942,40428,40936,41179,41552,Medium Town,55.666930,-2.3759399
347,Cottingham,E35000183,15155,15142,15006,15005,14997,14995,14885,15069,15079,Small Town,53.779880,-0.4166899
348,Syston,E35000193,12790,13020,13273,13534,13629,13838,13861,14046,14175,Small Town,52.699150,-1.0729999
349,Morley,E35000194,29662,29771,29896,29753,29721,29658,29673,29808,29893,Medium Town,53.744340,-1.6053499
350,Rothwell,E35000203,19505,19539,19659,19500,19569,19534,19504,19410,19225,Small Town,52.422340,-0.8031299
351,Aldershot,E35000207,57344,57873,57705,57891,58074,58641,58562,58576,58511,Medium Town,51.249690,-0.7595199
352,Dunstable,E35000218,30320,30861,31352,31850,32103,32603,33035,33628,34157,Medium Town,51.885950,-0.5208499
353,Hazel Grove,E35000224,19351,19406,19426,19446,19534,19608,19715,19593,19543,Small Town,53.375000,-2.1135799
354,Northfleet,E35000225,27686,28301,28175,28630,29118,29581,29716,29768,30060,Medium Town,51.446290,0.32593000
355,New Milton,E35000229,19972,20154,20269,20302,20360,20456,20466,20437,20463,Small Town,50.757970,-1.6713099
356,Heckmondwike,E35000230,12106,12112,12142,12386,12501,12601,12658,12630,12592,Small Town,53.713660,-1.6775299
357,Ashtead,E35000236,13909,14131,14248,14304,14339,14356,14474,14444,14460,Small Town,51.309240,-0.3002199
358,Altrincham,E35000243,52549,53025,53717,54645,54657,55157,55531,55883,56112,Medium Town,53.386710,-2.3491799
359,Bilston,E35000247,29610,29874,30041,30529,31199,31866,32381,32982,33518,Medium Town,52.566880,-2.0748199
360,Woodbridge,E35000248,11341,11363,11415,11483,11531,11527,11628,11632,11715,Small Town,52.105470,1.32540000
361,Winchester,E35000251,45256,45822,45996,46379,46994,47988,48530,48546,48603,Medium Town,51.063030,-1.3167699
362,Histon,E35000252,7867,8003,8130,8335,8431,8475,8491,8456,8425,Small Town,52.245050,0.11098000
363,Denton,E35000254,36604,36576,36488,36457,36472,36249,36100,36203,36089,Medium Town,53.456010,-2.1136799
364,Plymstock,E35000255,25114,25086,24975,24970,25135,25314,25610,25861,26115,Medium Town,50.355840,-4.0866399
365,Irlam,E35000257,19965,20094,20254,20412,20355,20378,20426,20376,20264,Small Town,53.440080,-2.4253999
366,Bedworth,E35000258,30664,30789,30874,30930,30920,31050,31222,30925,31134,Medium Town,52.478160,-1.4718499
367,Whickham,E35000262,16629,16542,16530,16505,16409,16192,16162,16085,16000,Small Town,54.945860,-1.6776599
368,Kirkby-in-Ashfield,E35000267,26959,27290,27528,27714,27730,27960,28250,28413,28650,Medium Town,53.098980,-1.2452499
369,Middleton (Rochdale),E35000277,43024,43162,43290,43341,43552,43776,43998,44354,44973,Medium Town,53.566607,-2.1814755
370,Swinton,E35000278,25370,25560,25505,25720,25729,25834,25554,25380,25248,Medium Town,53.511510,-2.3389499
371,Sandhurst,E35000279,20851,20883,20878,21005,20750,20718,20758,20651,20590,Small Town,51.352030,-0.7876399
372,St Austell,E35000280,23900,24248,24670,24898,25192,25532,25663,25840,26037,Medium Town,50.337400,-4.7923099
373,Swallownest,E35000281,15066,15097,15155,15201,15134,15194,15189,15142,15166,Small Town,53.362070,-1.3250999
374,Great Harwood,E35000289,10786,10819,10861,10861,10894,10870,10851,10890,10990,Small Town,53.787000,-2.4076199
375,Knottingley,E35000295,14003,14006,14029,14128,14252,14351,14516,14469,14569,Small Town,53.708220,-1.2574299
376,Cullompton,E35000297,7476,7515,7800,7944,7985,8020,8271,8368,8407,Small Town,50.858170,-3.3925999
377,Wednesfield,E35000298,25294,25180,25207,25067,25271,25397,25422,25357,25374,Medium Town,52.603910,-2.0747299
378,Ince-in-Makerfield,E35000312,12283,12498,12491,12622,12696,12765,12964,13016,12982,Small Town,53.533330,-2.6166699
379,Crowthorne,E35000322,14238,14421,14461,14432,14561,14663,14292,14607,14790,Small Town,51.369970,-0.8019899
380,Bromsgrove,E35000326,33544,34003,34395,34645,34641,34835,35193,35653,36215,Medium Town,52.336620,-2.0581499
381,St Blazey,E35000334,9969,9975,9944,10110,10235,10326,10397,10372,10263,Small Town,50.360360,-4.7151899
382,Gatley,E35000338,20969,21054,21214,21356,21487,21516,21482,21600,21627,Small Town,53.392640,-2.2350699
383,Bloxwich,E35000339,47313,47461,48033,49016,49674,50479,51135,51724,52240,Medium Town,52.620410,-2.0041699
384,Heathfield,E35000348,7772,7801,7824,7871,7893,8031,8066,8173,8153,Small Town,50.972240,0.25378000
385,Euxton,E35000354,8122,8027,7990,8030,8000,7947,7892,7872,8008,Small Town,53.670310,-2.6762699
386,Kingswinford,E35000357,50754,50654,50922,50855,50689,50839,50888,51010,51099,Medium Town,52.495790,-2.1676699
387,Uckfield,E35000358,15281,15529,15925,16246,16215,16280,16287,16351,16187,Small Town,50.971960,0.09672000
388,Wells,E35000359,10516,10530,10506,10550,10770,11022,11035,11281,11244,Small Town,51.211500,-2.6456299
389,Hetton-le-Hole,E35000360,12115,12121,12228,12325,12303,12414,12406,12485,12685,Small Town,54.814860,-1.4488299
390,Trowbridge,E35000362,39595,39901,40580,41501,42257,43079,43362,43406,43451,Medium Town,51.315700,-2.2077299
391,Redhill,E35000363,34727,35203,35683,36656,36823,37252,37383,37445,37818,Medium Town,51.238150,-0.1688599
392,Addlestone,E35000364,15912,16017,16280,16577,17098,17394,17740,17792,18084,Small Town,51.371670,-0.4935099
393,Haydock,E35000368,16525,16545,16503,16584,16574,16587,16574,16458,16340,Small Town,53.467630,-2.6843999
394,Smethwick,E35000380,49060,49356,49718,50001,50925,51969,52841,53047,53663,Medium Town,52.496260,-1.9716899
395,Sutton in Ashfield,E35000381,45827,46124,46525,46938,47376,47728,48137,48359,48527,Medium Town,53.121850,-1.2769899
396,Kidlington,E35000382,15075,14978,15067,15313,15279,15207,15277,15343,15235,Small Town,51.821120,-1.2877399
397,Chigwell,E35000386,10398,10448,10501,10643,10869,10887,11034,11038,11025,Small Town,51.618930,0.07511000
398,Ossett,E35000387,21261,21301,21510,21622,21657,21691,21871,22066,22005,Small Town,53.684230,-1.5878399
399,Mansfield Woodhouse,E35000388,18562,18513,18633,18681,18638,18658,18682,18652,18713,Small Town,53.165200,-1.1834299
400,Brierley Hill,E35000397,31565,31721,31760,31718,31674,31566,31814,31991,32149,Medium Town,52.482890,-2.1211799
401,Harwich,E35000402,19733,19918,20053,20308,20556,20620,20864,21054,21041,Small Town,51.937280,1.28114000
402,Kendal,E35000404,28653,28754,28906,28874,29066,29134,29385,29604,29672,Medium Town,54.324000,-2.7480299
403,Corsham,E35000414,13552,13649,13684,13589,13703,13757,13685,13732,13978,Small Town,51.431480,-2.1872299
404,Mirfield,E35000417,19324,19340,19544,19662,19643,19820,19815,19781,19780,Small Town,53.675420,-1.6973299
405,Coppull,E35000418,7955,7989,8018,7982,8038,8039,8189,8265,8370,Small Town,53.622380,-2.6603799
406,Higham Ferrers,E35000422,8099,8203,8359,8407,8473,8635,8878,9012,9015,Small Town,52.309600,-0.5934799
407,Norton-on-Derwent,E35000424,7101,7184,7287,7400,7717,7880,7908,8030,8077,Small Town,54.125060,-0.7930099
408,Westhoughton,E35000429,24122,24186,24263,24244,24238,24252,24116,23903,23840,Small Town,53.548860,-2.5216399
409,Felixstowe,E35000431,23544,23595,23691,23761,23918,24257,24408,24470,24437,Small Town,51.962340,1.34361000
410,Yate,E35000436,30037,30218,30436,30528,30634,30651,30626,30671,30397,Medium Town,51.539520,-2.4095799
411,Whitehaven,E35000439,23996,23945,23896,23894,23827,23741,23668,23588,23430,Small Town,54.546850,-3.5856899
412,Baildon,E35000440,15935,15812,15729,15755,15811,15910,15836,15856,15806,Small Town,53.849100,-1.7673299
413,Lees,E35000442,13062,13076,13093,13075,13101,13044,12938,12850,12776,Small Town,53.537470,-2.0700599
414,Wisbech,E35000453,31639,31741,31960,32369,32938,33698,34250,34403,34655,Medium Town,52.670740,0.15663000
415,Dukinfield,E35000458,20932,20877,20883,20958,20922,21099,21139,21194,21310,Small Town,53.476140,-2.0921999
416,Falmouth,E35000462,22720,22992,23210,23274,23368,23761,23968,24118,23957,Small Town,50.152210,-5.0799999
417,Farnworth,E35000467,26997,27198,27331,27527,27687,27779,27855,28056,28384,Medium Town,53.548880,-2.3936199
418,Sawbridgeworth,E35000470,9832,10122,10265,10473,10577,10686,10607,10629,10579,Small Town,51.812620,0.14728000
419,Whitstable,E35000473,32021,32241,32581,32887,33342,33454,33505,33239,33236,Medium Town,51.362310,1.02664000
420,Cleckheaton,E35000475,11655,11596,11795,11897,11911,11864,11901,11951,11983,Small Town,53.725130,-1.7118899
421,Halesowen,E35000476,58172,58053,58351,58601,58925,59348,59299,59577,59669,Medium Town,52.450960,-2.0518499
422,Nailsea,E35000477,16064,15947,15967,15937,15897,15999,16011,15879,15936,Small Town,51.435800,-2.7603499
423,Ashford (Spelthorne),E35000481,28111,28412,28590,28748,28821,28742,28676,28813,28862,Medium Town,51.418510,-0.4427256
424,Narborough/Enderby,E35000487,13035,13098,13205,13385,13435,13559,13757,13834,14096,Small Town,52.571980,-1.2112499
425,Great Notley,E35000490,7765,7830,7814,7836,7893,7848,7736,7791,7845,Small Town,51.865420,0.52880000
426,North Wingfield,E35000491,9227,9226,9196,9236,9188,9254,9336,9365,9527,Small Town,53.181000,-1.3874899
427,Soham,E35000499,9238,9155,9485,9700,10022,10100,10176,10228,10455,Small Town,52.333540,0.33761000
428,Hatfield,E35000502,37629,38194,39307,40202,41587,43708,44821,45361,45390,Medium Town,51.761370,-0.2327099
429,Burnham-on-Sea,E35000507,23358,23195,23344,23680,23792,24036,24065,24016,23948,Small Town,51.238480,-2.9937099
430,Bingley,E35000510,22470,22528,22724,22778,22814,22843,22895,22855,22740,Small Town,53.849310,-1.8389899
431,Crosby,E35000514,50048,49989,50002,50140,49931,49959,49887,50197,50193,Medium Town,53.490700,-3.0248899
432,Sandown,E35000516,11868,11875,11898,12021,12007,11949,11899,12032,12074,Small Town,50.656010,-1.1500799
433,Hessle,E35000523,14517,14569,14436,14423,14330,14314,14491,14631,14706,Small Town,53.722980,-0.4336199
434,Bishop Auckland,E35000528,24912,24995,25215,25271,25334,25393,25445,25552,25433,Medium Town,54.650070,-1.6804999
435,Immingham,E35000529,10759,10795,10808,10842,10810,10976,11056,11037,11158,Small Town,53.611480,-0.2240299
436,Bootle,E35000538,51502,51283,51156,51070,51365,51757,51964,52079,52835,Medium Town,53.455950,-2.9859499
437,Brough,E35000549,12574,12836,12884,13007,13110,13156,13227,13346,13498,Small Town,53.729910,-0.5716299
438,Polegate,E35000551,9004,9155,9366,9542,9991,10302,10576,10723,10806,Small Town,50.821390,0.24421000
439,Great Wyrley,E35000562,18396,18244,18256,18429,18514,18604,18608,18490,18467,Small Town,52.660590,-2.0105599
440,Broadstairs,E35000565,23623,23660,23986,24309,23976,24297,24543,24458,24517,Small Town,51.358700,1.44081000
441,Banstead,E35000567,10650,10884,10838,10913,10832,10780,10931,10728,10643,Small Town,51.323240,-0.1992599
442,Cheadle,E35000569,13482,13570,13509,13645,13735,13697,13848,13913,14077,Small Town,53.395260,-2.2124299
443,Rawtenstall,E35000572,23171,23222,23380,23642,23606,23757,24155,24364,24519,Small Town,53.700370,-2.2794999
444,Houghton Regis,E35000573,16711,16973,17156,17314,17558,17813,17962,18388,18700,Small Town,51.906410,-0.5142099
445,Rowley Regis,E35000574,34322,34244,34566,35018,35047,35125,35325,35924,35791,Medium Town,52.483920,-2.0446999
446,Workington,E35000575,22130,22116,22218,22255,22233,22367,22186,22268,22406,Small Town,54.638910,-3.5499499
447,Billingham,E35000580,35400,35226,35204,35288,35176,34964,34779,34402,34169,Medium Town,54.606850,-1.2939899
448,Hebburn,E35000582,19153,19172,19092,19192,19403,19593,19685,20185,20589,Small Town,54.973990,-1.5108599
449,Midsomer Norton,E35000583,12408,12448,12599,12761,13105,13389,13539,13720,13882,Small Town,51.286720,-2.4871699
450,Aldridge,E35000588,39417,39227,39274,39672,39523,39488,39348,39321,39466,Medium Town,52.604790,-1.9153299
451,Kimberley,E35000589,11361,11446,11441,11527,11624,11702,11715,11694,11736,Small Town,52.997450,-1.2568199
452,Macclesfield,E35000590,56677,56829,56991,57035,56638,56801,56654,56287,56366,Medium Town,53.256090,-2.1265699
453,Windsor,E35000591,31529,31865,32128,32285,32284,32389,32207,32608,32640,Medium Town,51.478800,-0.6246199
454,Walkden,E35000595,21204,21160,21132,21291,21054,21263,21399,21794,22356,Small Town,53.521580,-2.4004699
455,Darlaston,E35000597,18845,18937,19136,19469,19704,20012,20319,20678,20995,Small Town,52.566970,-2.0344499
456,Burton Latimer,E35000603,7477,7623,7971,8138,8758,9106,9459,9669,9778,Small Town,52.365450,-0.6898699
457,Hucknall,E35000605,32128,32325,32935,33282,33709,33952,34924,35344,35797,Medium Town,53.032380,-1.2091799
458,Oldbury (Sandwell),E35000608,24049,24412,24437,24578,24882,25161,25488,25563,25740,Medium Town,52.501898,-1.9996270
459,Stalybridge,E35000618,26520,26650,26708,26786,26739,26723,27000,27039,27081,Medium Town,53.483530,-2.0575199
460,Stapleford,E35000619,16214,16257,16321,16394,16409,16509,16497,16441,16585,Small Town,52.143010,0.14820000
461,Bury St Edmunds,E35000624,41154,41424,41782,42049,42073,41961,41940,41732,41554,Medium Town,52.249920,0.70929000
462,Romsey,E35000629,16995,16959,16838,16764,16934,17177,17472,17561,17691,Small Town,50.988580,-1.4953799
463,Caterham,E35000631,21518,21751,22003,22271,22570,22641,23013,23221,23511,Small Town,51.281570,-0.0769299
464,Thatcham,E35000633,26063,26221,26367,26384,26356,26330,26217,26179,26135,Medium Town,51.403830,-1.2635899
465,Carterton,E35000635,16234,17200,17338,16937,16496,16568,16519,16588,16938,Small Town,51.760620,-1.5903799
466,Darwen,E35000640,28128,28047,27940,27711,27762,27712,27462,27348,27311,Medium Town,53.694300,-2.4671899
467,Horbury,E35000644,10362,10374,10297,10285,10284,10414,10501,10570,10567,Small Town,53.658030,-1.5477999
468,Braintree,E35000648,41829,42239,42751,42922,43099,43187,43506,43350,43552,Medium Town,51.877750,0.55324000
469,Carlton (Gedling),E35000652,49342,49517,49668,50011,49982,50307,50257,50743,50815,Medium Town,52.970690,-1.0823399
470,Wallingford,E35000657,7946,8020,8032,8058,7992,7984,8071,8123,8232,Small Town,51.600900,-1.1256099
471,Horsham,E35000660,48156,48436,48697,49232,49473,49973,50399,50934,51265,Medium Town,51.065170,-0.3290299
472,Bacup,E35000666,13343,13435,13531,13734,13860,13851,13893,14051,14261,Small Town,53.702690,-2.2010699
473,Tyldesley,E35000668,16185,16246,16401,16548,16559,16615,16615,16599,16640,Small Town,53.513750,-2.4672299
474,Castleford,E35000669,39315,39744,40340,40713,41234,41550,42219,42952,43625,Medium Town,53.722360,-1.3446699
475,Woodingdean,E35000672,9765,9796,9811,9854,9967,9984,9931,9868,9851,Small Town,50.832990,-0.0589999
476,Heywood,E35000674,28249,28225,28386,28702,29054,29479,29748,29878,30323,Medium Town,53.593510,-2.2184699
477,Bramhall,E35000676,17417,17323,17293,17392,17382,17465,17424,17368,17254,Small Town,53.357420,-2.1662099
478,Hartley (Sevenoaks),E35000681,16067,16102,16507,16553,16594,16397,16394,16291,16095,Small Town,51.270200,0.19296000
479,Thurnscoe,E35000682,8692,8721,8724,8745,8842,8908,8987,9029,9090,Small Town,53.546400,-1.3151399
480,Radstock,E35000684,9430,9458,9546,9648,9724,10051,10117,10228,10185,Small Town,51.291020,-2.4383299
481,Worsbrough,E35000689,9129,9067,9020,9032,9096,9173,9259,9240,9247,Small Town,53.521200,-1.4712799
482,Littlehampton,E35000690,55879,56429,56889,57497,57625,57722,58357,58858,59171,Medium Town,50.821080,-0.5396399
483,Goole,E35000692,20903,21261,21597,21817,21912,22081,22101,22452,22574,Small Town,53.704490,-0.8745199
484,Mexborough,E35000697,15255,15123,15200,15192,15470,15521,15541,15636,15570,Small Town,53.495360,-1.2998899
485,Chichester,E35000700,28675,29062,29478,29972,30581,31303,31831,31751,31730,Medium Town,50.836200,-0.7754299
486,Cromer,E35000707,7942,7875,7837,7904,7854,7903,7960,8000,8014,Small Town,52.928810,1.30311000
487,Ewell,E35000708,51780,52236,52488,52892,53095,53527,53801,54426,54816,Medium Town,51.350230,-0.2498999
488,Penryn,E35000718,8486,8875,9190,9316,9474,9826,10321,10446,10499,Small Town,50.168770,-5.1053999
489,Borehamwood,E35000719,35688,35878,36256,36655,37145,37325,37425,37436,37958,Medium Town,51.656090,-0.2752499
490,Royton,E35000726,23816,23699,23702,23684,23444,23372,23259,23123,22992,Small Town,53.572010,-2.1274299
491,Shipley,E35000731,28704,28632,28750,28927,28905,28896,28833,28650,28779,Medium Town,53.838140,-1.7727799
492,Droylsden,E35000734,24172,24180,24203,24001,24111,24278,24180,24235,24519,Small Town,53.479690,-2.1455299
493,Thorne,E35000735,11837,11813,11914,11864,11921,11894,11971,12064,12114,Small Town,53.611580,-0.9616099
494,Banbury,E35000745,46722,47109,47429,47625,47617,47527,47230,47232,47447,Medium Town,52.061490,-1.3398899
495,Sevenoaks,E35000753,29720,30016,30137,30237,30551,31210,31402,31808,32120,Medium Town,51.270200,0.19296000
496,Bollington,E35000754,7405,7436,7400,7447,7433,7546,7654,7723,7691,Small Town,53.293370,-2.1102999
497,City of London,E35000758,7189,6405,5854,5952,6492,7046,7454,8480,9483,Small Town,51.520500,-0.0974299
498,Kempston,E35000760,19378,19570,19963,20340,20674,21005,21156,21275,21131,Small Town,52.115000,-0.5046599
499,Cirencester,E35000761,16353,16335,16580,16734,16820,16930,16971,17067,17055,Small Town,51.718540,-1.9535399
500,Whetstone,E35000768,12793,12742,12827,12738,12888,13132,13463,14009,14212,Small Town,52.565150,-1.1799599
501,Brighouse,E35000772,33296,33330,33429,33438,33663,33874,33883,33716,33874,Medium Town,53.702440,-1.7746199
502,Nelson (Pendle),E35000775,29551,29511,29612,29608,29714,30289,30702,31216,31722,Medium Town,53.824225,-2.2374163
503,Whitefield,E35000776,21021,21093,21069,21134,21085,21084,21147,21215,21290,Small Town,53.552280,-2.2964799
504,Truro,E35000778,20473,20666,21000,21436,21337,21606,22092,22334,22623,Small Town,50.265260,-5.0535999
505,Arnold,E35000779,37827,37890,38383,38741,39152,39211,39446,39507,39495,Medium Town,53.002960,-1.1294499
506,Stamford,E35000780,19741,19927,20093,20383,20393,20499,20558,20569,20649,Small Town,52.652110,-0.4803499
507,Ashton-under-Lyne,E35000787,45369,45463,45658,45734,46141,46751,47237,47395,47826,Medium Town,53.489450,-2.0880599
508,New Mills,E35000793,12304,12310,12200,12280,12338,12522,12581,12640,12773,Small Town,53.365580,-2.0020499
509,Oaklands,E35000797,7708,7700,7916,8058,8047,8245,8127,8021,8169,Small Town,51.756160,-0.2799899
510,Rushden,E35000811,29562,29759,30203,30559,31012,31570,32124,32368,32372,Medium Town,52.287620,-0.5980199
511,Alsager,E35000813,13350,13336,13343,13333,13297,13309,13550,13706,14120,Small Town,53.096320,-2.3033399
512,Oswaldtwistle,E35000814,11760,11735,11660,11645,11654,11522,11393,11442,11443,Small Town,53.742670,-2.3970099
513,Horndean,E35000817,46940,46945,47281,47642,48033,48512,48851,49174,49381,Medium Town,50.907550,-1.0060699
514,Southwick,E35000829,11548,11596,11701,11786,11765,11808,11876,11916,12028,Small Town,51.296920,-2.2338799
515,Coseley,E35000833,23122,23187,23245,23163,23174,23035,23283,23282,23286,Small Town,52.541900,-2.0871499
516,Christchurch,E35000835,54363,54389,54843,55399,55665,56100,56061,56498,56779,Medium Town,50.734080,-1.7765299
517,Fulwood,E35000842,35799,35821,35772,35578,35637,35480,35364,35335,35917,Medium Town,53.350000,-1.5499999
518,Great Yarmouth,E35000843,38794,38921,39213,39611,39991,40282,40883,41075,41138,Medium Town,52.612650,1.72408000
519,Ingleby Barwick,E35000848,20458,20742,21062,21266,21570,21962,22256,22545,22491,Small Town,54.515150,-1.3131099
520,Breaston,E35000850,7546,7616,7662,7728,7703,7826,7830,7802,7691,Small Town,52.897750,-1.3131799
521,North Hykeham,E35000853,14743,15087,15167,15470,15908,16308,16895,17275,17365,Small Town,53.190050,-0.5914699
522,Wivenhoe,E35000869,7626,7626,7741,7850,7840,7899,7891,7890,7949,Small Town,51.856840,0.95947000
523,Didcot,E35000872,27138,27221,27695,28178,28899,29621,30078,30120,29922,Medium Town,51.602370,-1.2321099
524,Chadwell St Mary,E35000874,9874,9875,9878,10111,10221,10317,10282,10317,10356,Small Town,51.485430,0.36955000
525,Waltham Cross,E35000876,10097,10263,10351,10377,10525,10480,10595,10737,10910,Small Town,51.690560,-0.0338299
526,Eastwood,E35000877,18434,18691,18758,18747,18931,18946,19058,19168,19231,Small Town,53.014020,-1.2926899
527,Bordon,E35000879,16312,16366,16297,16198,15965,15122,15025,15389,15708,Small Town,51.109990,-0.8644999
528,Camborne,E35000880,20473,20709,20762,21029,21185,21492,21985,22399,22630,Small Town,50.213660,-5.3011699
529,Taverham,E35000883,15655,15663,15593,15618,15575,15564,15519,15582,15512,Small Town,52.682230,1.20710000
530,Little Lever,E35000885,12821,12929,12851,12834,12674,12654,12556,12474,12444,Small Town,53.561310,-2.3643099
531,St Ives,E35000892,16427,16516,16803,16899,17021,16965,17024,17083,17018,Small Town,50.210320,-5.4856899
532,Marlborough,E35000897,8100,8273,8214,8260,8172,8149,8299,8250,8233,Small Town,51.421320,-1.7298999
533,Hertford,E35000899,26839,27123,27504,27833,28248,28688,28860,28950,29303,Medium Town,51.796340,-0.0826999
534,West Bridgford,E35000901,45610,45645,46213,46570,46960,47358,47670,48225,48856,Medium Town,52.927380,-1.1298599
535,Bletchley,E35000902,37228,37896,38192,38630,39086,39292,39304,39448,39220,Medium Town,52.010300,-0.7495999
536,Berkhamsted,E35000904,20723,20863,21124,21340,21335,21471,21435,21644,21719,Small Town,51.760400,-0.5644999
537,Knaresborough,E35000906,15541,15555,15561,15580,15599,15636,15557,15588,15442,Small Town,54.008430,-1.4666699
538,Willenhall,E35000908,51473,51529,51711,51949,52354,52702,53012,53144,53334,Medium Town,52.584250,-2.0571999
539,Helston,E35000910,11359,11536,11549,11522,11661,11810,11818,11792,11698,Small Town,50.105760,-5.2669799
540,Ramsgate,E35000923,40627,40805,41173,41725,42152,42467,42632,42306,42040,Medium Town,51.332680,1.42292000
541,Adlington,E35000924,9266,9341,9388,9596,9715,9761,9868,10000,10235,Small Town,53.615550,-2.6000299
542,Kippax,E35000925,10100,10013,9927,9861,9879,9842,9731,9639,9692,Small Town,53.770820,-1.3712699
543,Penzance,E35000926,16364,16350,16366,16375,16230,16272,16320,16254,16296,Small Town,50.118610,-5.5372299
544,Cheadle Hulme,E35000932,24365,24410,24515,24712,24914,25207,25383,25391,25394,Medium Town,53.378060,-2.1910299
545,Radcliffe,E35000933,30014,30285,30443,30722,30847,31081,31267,31547,31844,Medium Town,53.559140,-2.3257199
546,Coalville,E35000934,34678,34830,34882,35132,35496,35687,36166,36800,37300,Medium Town,52.718780,-1.3722899
547,Tipton,E35000940,42581,43004,43600,43959,44104,44597,44766,45186,45283,Medium Town,52.528570,-2.0700099
548,Bridlington,E35000950,35178,35206,35168,35203,35238,35339,35085,35115,35264,Medium Town,54.083640,-0.1925499
549,Litherland,E35000952,18577,18640,18440,18538,18607,18615,18668,18845,18902,Small Town,53.476160,-2.9960099
550,Kirkham,E35000953,12010,12160,12271,12402,12404,12553,12774,12999,13418,Small Town,53.782470,-2.8713599
551,Platt Bridge,E35000962,10367,10620,10651,10690,10645,10683,10614,10667,10773,Small Town,53.521900,-2.6002999
552,Wath upon Dearne,E35000964,33460,33995,34431,34977,35412,35713,35988,36272,36318,Medium Town,53.503580,-1.3435999
553,Burscough,E35000969,8814,8826,8793,8796,8935,8978,8960,8916,8952,Small Town,53.600920,-2.8440899
554,Dursley,E35000970,14597,14658,14744,14937,15188,15339,15556,15706,15952,Small Town,51.693290,-2.3651699
555,Godalming,E35000976,22798,22901,22959,22969,23282,23367,23410,23514,23687,Small Town,51.183940,-0.6183699
556,Kingsteignton,E35000979,10460,10520,10497,10592,10526,10539,10857,11153,11363,Small Town,50.546970,-3.5868499
557,Bebington,E35000985,57341,57621,57867,58098,57938,57991,58055,58150,58427,Medium Town,53.355990,-3.0036999
558,East Cowes,E35000986,7026,7047,7105,7272,7260,7359,7414,7475,7572,Small Town,50.756280,-1.2852199
559,Frampton Cotterell/Winterbourne,E35000987,14687,14865,15158,15254,15235,15249,15279,15239,15230,Small Town,51.537020,-2.4919199
560,Long Eaton,E35000992,37817,38158,38363,38838,39061,39264,39348,39456,39387,Medium Town,52.901880,-1.2824499
561,West Bromwich (East),E35000993,18982,19024,19083,19249,19784,20007,20126,20201,20073,Small Town,52.518170,-1.9893899
562,Lytham St Anne's,E35000997,43094,43122,43394,43717,43892,44118,44208,44320,44464,Medium Town,53.749500,-2.9915399
563,Wellington,E35000998,11213,11489,11586,11560,11838,12160,12497,12771,12924,Small Town,50.979530,-3.2262999
564,Failsworth,E35001001,18842,18874,18840,18874,18712,18666,18726,18836,18843,Small Town,53.508460,-2.1633699
565,Haslingden,E35001004,15965,16062,16088,16110,16180,16284,16399,16492,16560,Small Town,53.704610,-2.3253599
566,Heysham,E35001007,15587,15871,16081,16245,16562,16563,16600,16715,16704,Small Town,54.043190,-2.8936099
567,Cleethorpes,E35001011,39534,39377,39357,39389,39317,39168,39188,38996,38562,Medium Town,53.559490,-0.0393799
568,Pudsey,E35001013,32193,32380,32815,33197,33585,33876,33899,33800,33766,Medium Town,53.797670,-1.6559599
569,Pontefract,E35001027,29348,29321,29458,29548,29588,29892,30221,30813,31280,Medium Town,53.692580,-1.3063399
570,Stretford,E35001028,26915,27047,27401,27397,27637,27717,27533,27529,27574,Medium Town,53.445710,-2.3138199
571,Teignmouth,E35001036,15106,15185,15400,15410,15487,15586,15597,15646,15671,Small Town,50.548350,-3.5000499
572,Gravesend,E35001042,55523,55647,56274,57281,57865,58269,58036,58361,58640,Medium Town,51.432820,0.36462000
573,Frimley,E35001045,19121,19207,19029,19189,19244,19253,19302,19355,19385,Small Town,51.313240,-0.7452599
574,Wraysbury,E35001053,7379,7470,7511,7414,7482,7559,7574,7623,7569,Small Town,51.456890,-0.5591199
575,Newton Abbot,E35001055,25594,25713,25944,26281,26720,26814,26951,26932,27153,Medium Town,50.528920,-3.6082399
576,Morecambe,E35001056,33312,33396,33322,33325,33540,33620,33491,33630,33848,Medium Town,54.070470,-2.8552199
577,Sileby,E35001059,8436,8468,8481,8534,8768,9020,9314,9498,9673,Small Town,52.733060,-1.1075099
578,Cleveleys,E35001061,10727,10747,10738,10610,10754,10730,10732,10733,10740,Small Town,53.873330,-3.0229099
579,Stakeford,E35001066,8647,8642,8610,8547,8464,8437,8369,8326,8315,Small Town,55.162630,-1.5868099
580,Yateley,E35001069,14874,14745,14809,14894,14689,14681,14593,14487,14409,Small Town,51.342380,-0.8267299
581,Armthorpe,E35001073,14459,14385,14477,14617,14558,14586,14550,14510,14405,Small Town,53.535640,-1.0566999
582,Keighley,E35001085,53411,53340,53459,53304,53352,53366,53252,53393,53538,Medium Town,53.866340,-1.9096499
583,Havant,E35001094,45232,45534,45669,45990,46250,46764,47376,47680,47896,Medium Town,50.855500,-0.9859199
584,Golborne,E35001095,24164,24160,24194,24339,24257,24309,24219,24114,24314,Small Town,53.476680,-2.5968199
585,Cheshunt,E35001097,45865,46067,46234,46554,46823,47119,46992,46951,47124,Medium Town,51.701500,-0.0345399
586,Shaw (Oldham),E35001099,18794,18662,18553,18534,18440,18354,18401,18340,18349,Small Town,53.579670,-2.0932699
587,Earl Shilton,E35001102,19135,19344,19558,19690,19647,19767,19988,20013,20116,Small Town,52.575800,-1.3145199
588,Shanklin,E35001106,9067,9143,9009,9034,9114,9161,9229,9206,9202,Small Town,50.626980,-1.1792199
589,Whitnash,E35001109,8088,7990,7912,8070,7922,7912,7952,7951,7899,Small Town,52.269780,-1.5218499
590,Hythe,E35001112,15058,15068,15120,15297,15261,15325,15411,15569,15544,Small Town,50.867490,-1.4042599
591,Mossley,E35001114,10808,10927,10985,10956,10978,10991,11103,11201,11334,Small Town,53.517050,-2.0412499
592,Maltby,E35001115,16699,16603,16486,16577,16351,16324,16333,16341,16328,Small Town,53.423250,-1.2013099
593,Totton,E35001116,28807,28984,29211,29411,29458,29520,29552,29459,29421,Medium Town,50.919910,-1.4911499
594,Portslade-by-Sea,E35001118,19934,19995,19860,19886,20082,20101,20198,20081,20150,Small Town,50.831940,-0.2121499
595,Cross Hills,E35001121,7570,7684,7689,7750,7671,7696,7827,7811,7967,Small Town,53.901710,-1.9902999
596,West Kirby,E35001127,14928,14976,14914,14895,14909,14902,14925,15001,14875,Small Town,53.372650,-3.1715699
597,Blaydon,E35001128,15187,15206,15099,14982,14940,14878,14858,14768,14693,Small Town,54.965800,-1.7127299
598,Killamarsh,E35001129,9262,9258,9281,9288,9356,9345,9391,9396,9336,Small Town,53.326710,-1.3130199
599,Milnrow,E35001131,10024,9994,9893,9886,9983,10153,10224,10242,10370,Small Town,53.611260,-2.1140699
600,Bishop's Cleeve,E35001132,13300,13424,13603,13856,14194,14480,15032,15638,16292,Small Town,51.944930,-2.0771099
601,Ringwood,E35001137,13946,13946,14074,14209,14273,14395,14325,14360,14369,Small Town,50.846460,-1.7934199
602,Dorking,E35001140,17167,17150,17375,17500,17469,17510,17616,17667,17616,Small Town,51.233460,-0.3286199
603,Rawmarsh,E35001141,18517,18554,18584,18603,18605,18775,18953,19102,19161,Small Town,53.467550,-1.3391299
604,Kearsley,E35001147,11182,11333,11351,11381,11354,11416,11289,11213,11119,Small Town,53.539860,-2.3754199
605,Southborough,E35001152,11158,11197,11232,11318,11408,11454,11380,11250,11225,Small Town,51.155880,0.25994000
606,Welwyn Garden City,E35001153,48496,48827,49275,50000,50863,51368,51264,51180,51357,Medium Town,51.801430,-0.2057299
607,Cowes,E35001155,14259,14282,14401,14382,14374,14425,14544,14620,14705,Small Town,50.758410,-1.2978699
608,Cudworth,E35001157,12656,12793,12826,12787,12784,12794,12786,12759,12774,Small Town,53.578160,-1.4155399
609,Sandiacre,E35001158,9624,9606,9545,9598,9787,9923,9911,9976,10058,Small Town,52.926870,-1.2917099
610,Selby,E35001160,17562,17712,18083,18326,18697,18865,19224,19455,19809,Small Town,53.783930,-1.0699199
611,Wickford,E35001162,33520,33766,34238,34609,34664,34796,34722,34844,34857,Medium Town,51.611490,0.51854000
612,Broomhall/Windlesham/Virginia Water,E35001164,23588,23610,23738,23826,24341,24527,24527,24615,24948,Small Town,51.402460,-0.5627399
613,Lymington,E35001171,15234,15307,15421,15579,15659,15686,15861,15997,16148,Small Town,50.759030,-1.5387099
614,Royston,E35001175,10084,10209,10251,10308,10497,10579,10613,10563,10640,Small Town,52.048250,-0.0213999
615,Diss,E35001176,9851,9985,10174,10275,10437,10717,10800,10886,10987,Small Town,52.373510,1.11029000
616,Longton,E35001178,8773,8772,8696,8766,8913,8970,9002,8927,8964,Small Town,52.989440,-2.1342599
617,Esher,E35001180,51085,51366,51794,52381,52487,52484,52732,52674,52286,Medium Town,51.370140,-0.3645399
618,Ryton,E35001181,15997,16053,16270,16401,16471,16676,16564,16512,16497,Small Town,52.620520,-2.3552599
619,North Walney,E35001185,9918,9905,9836,9814,9885,9894,9838,9927,9869,Small Town,54.101520,-3.2503199
620,Catshill,E35001187,10436,10457,10428,10425,10471,10684,10718,10729,10741,Small Town,52.360180,-2.0651199
621,Normanton,E35001191,21361,21341,21466,21551,21658,21745,21846,21944,22085,Small Town,53.698180,-1.4133499
622,Folkestone,E35001192,51525,51872,51595,51600,52106,52749,52954,53451,53949,Medium Town,51.084470,1.17794000
623,St Neots,E35001194,30369,30955,31461,31964,32205,32568,32832,32854,32657,Medium Town,52.227900,-0.2617299
624,Fareham,E35001195,42226,42613,42943,43313,43202,43426,43480,43618,43549,Medium Town,50.852720,-1.1740599
625,Ripley,E35001197,19339,19296,19481,19542,19499,19549,19776,19777,19911,Small Town,53.050700,-1.4076199
626,Farnham,E35001198,25637,25777,26041,26498,26656,26848,27056,27152,27386,Medium Town,51.214460,-0.8003699
627,Heanor,E35001202,25737,25758,25891,25921,25944,26134,26357,26730,27092,Medium Town,53.013750,-1.3535299
628,Burntwood,E35001203,28590,28456,28523,28466,28346,28375,28610,28663,28831,Medium Town,52.679760,-1.9200199
629,Abingdon,E35001205,38693,39052,38820,38973,39161,39156,39494,39609,39654,Medium Town,51.673840,-1.2858799
630,Worsley,E35001208,9110,9045,9002,9007,9043,9139,9178,9086,9095,Small Town,53.500550,-2.3810099
631,East Grinstead,E35001213,29156,29257,29504,29633,30042,30177,30251,30495,30664,Medium Town,51.124010,-0.0075999
632,Brownhills,E35001214,20375,20461,20659,20967,21091,21077,21100,21181,21217,Small Town,52.647330,-1.9333699
633,Atherstone,E35001215,10613,10578,10567,10712,10843,11035,11312,11554,11598,Small Town,52.575940,-1.5419499
634,Wilmslow,E35001218,35999,36335,36750,37007,37210,37224,37400,37496,37670,Medium Town,53.326780,-2.2278699
635,Otley,E35001220,14195,14122,14159,14159,14203,14203,14301,14205,14257,Small Town,53.905720,-1.6949399
636,Bushey,E35001221,25379,25734,25884,26294,26204,26462,26641,26924,27278,Medium Town,51.644350,-0.3630499
637,Newport Pagnell,E35001223,15140,15080,15085,15164,15036,15029,14857,14788,14755,Small Town,52.086750,-0.7226999
638,Ilkeston,E35001224,38743,38842,38915,39201,39401,39373,39555,39670,39605,Medium Town,52.979090,-1.3105499
639,Newton-le-Willows,E35001225,22195,22433,22627,22895,23212,23535,23822,24333,24848,Small Town,53.456430,-2.6321499
640,Tilbury,E35001227,12506,12569,12589,12784,12938,13119,13413,13791,14121,Small Town,51.463900,0.35017000
641,Droitwich,E35001228,23551,23579,23820,23947,23938,23849,23880,23935,24179,Small Town,52.268080,-2.1564699
642,Mountsorrel,E35001229,12131,12361,12586,12653,12788,12891,13239,13597,13868,Small Town,52.724820,-1.1392999
643,Billericay,E35001232,34297,34250,34345,34676,34730,34838,34894,34848,34987,Medium Town,51.624850,0.41695000
644,Bideford,E35001234,18123,18584,18736,18906,19238,19629,19827,19927,19926,Small Town,51.019410,-4.2041499
645,Wendover,E35001235,7171,7406,7616,7826,7862,7990,7995,8087,8186,Small Town,51.764100,-0.7424099
646,Jarrow,E35001236,43454,43287,43280,43433,43337,43346,43111,43114,43218,Medium Town,54.982770,-1.4787199
647,Newbury,E35001239,38848,39355,39725,40215,40848,41518,41883,42092,42109,Medium Town,51.405920,-1.3261099
648,Hale (Trafford),E35001240,16639,16773,16843,17018,17200,17409,17481,17372,17493,Small Town,53.419059,-2.3553273
649,Weymouth,E35001241,54483,54483,54381,54525,54861,54955,55174,55251,55279,Medium Town,50.612240,-2.4585399
650,Cinderford,E35001244,10532,10716,10829,10868,11060,11226,11302,11406,11376,Small Town,51.825270,-2.4998699
651,Ferndown,E35001246,26543,26728,26851,26971,26945,27029,26983,27357,27647,Medium Town,50.802140,-1.8889299
652,Mildenhall,E35001252,13463,13947,13797,14495,14849,14885,15378,15304,15649,Small Town,51.425600,-1.6999599
653,Accrington,E35001256,35397,35241,35264,35525,35678,36073,36336,36437,36534,Medium Town,53.755300,-2.3706299
654,Peterlee,E35001258,27870,27767,27573,27354,27198,27072,26930,26818,26665,Medium Town,54.761050,-1.3333699
655,Reigate,E35001264,22178,22465,22639,22842,22909,22989,23391,23503,23649,Small Town,51.235910,-0.2048599
656,Stourport-on-Severn,E35001266,20123,20096,20202,20264,20302,20351,20422,20504,20591,Small Town,52.339110,-2.2809299
657,Prudhoe,E35001267,10894,10884,10820,10886,10919,10980,11035,11000,11047,Small Town,54.961610,-1.8509199
658,Marlow,E35001276,14830,14849,14840,14895,14926,14918,14839,15006,14908,Small Town,51.573060,-0.7761699
659,Liversedge,E35001282,17705,17871,17884,18001,18172,18240,18165,18077,18092,Small Town,53.710640,-1.7035999
660,Penistone,E35001283,9843,9919,10188,10308,10474,10541,10693,10861,10936,Small Town,53.526460,-1.6313599
661,Worksop,E35001286,41926,42366,42418,42557,42590,42868,43173,43421,43613,Medium Town,53.306590,-1.1231799
662,Chertsey,E35001287,13764,13817,13911,13954,14143,14389,14627,14806,15104,Small Town,51.388190,-0.5082199
663,Worden,E35001289,3904,4265,5032,5629,6331,6704,7306,7587,7721,Small Town,51.408500,0.90503000
664,Standish,E35001290,13677,13715,13747,13712,13617,13541,13502,13719,14160,Small Town,51.775590,-2.2898199
665,Fazeley,E35001291,7658,7683,7734,7736,7770,7801,7827,7816,7762,Small Town,52.615550,-1.7036899
666,Andover,E35001292,41936,42649,43685,44622,45384,45942,46224,46584,46906,Medium Town,51.206550,-1.4767699
667,Watton,E35001293,8415,8452,8654,8854,8988,9229,9417,9563,9777,Small Town,53.936250,-0.4502999
668,Warlingham,E35001295,9098,9242,9323,9484,9462,9623,9679,9718,9744,Small Town,51.310570,-0.0570999
669,Chesham,E35001299,22406,22583,22798,22998,23382,23629,23708,23837,23902,Small Town,51.710830,-0.6090599
670,Woodley,E35001301,35553,35881,36084,36264,36635,36973,37484,38016,38506,Medium Town,53.426830,-2.0971399
671,Yeadon,E35001302,19674,19484,19435,19309,19253,19160,19163,19163,19190,Small Town,53.858710,-1.6841699
672,Clay Cross,E35001303,12967,13120,12980,13036,12997,13263,13303,13346,13382,Small Town,53.166320,-1.4158099
673,Wellingborough,E35001306,49356,49696,49766,50221,51022,52048,52441,53012,53165,Medium Town,52.302440,-0.6963199
674,Ditton,E35001308,26050,26117,26294,26478,26358,26774,27078,27205,27566,Medium Town,51.299610,0.45204000
675,Egham,E35001311,25976,26873,27358,27811,27760,28430,28043,28934,29539,Medium Town,51.430990,-0.5471899
676,Staines,E35001314,25796,25984,26222,26483,26611,26816,26889,26798,26808,Medium Town,51.435160,-0.5066199
677,Torquay,E35001315,49228,49184,49583,50041,50103,50383,50645,51126,51339,Medium Town,50.467880,-3.5437299
678,Beeston (Broxtowe),E35001323,51666,51849,52367,52619,52701,52687,53148,53737,54131,Medium Town,52.976380,-1.2628332
679,Warwick,E35001324,31347,31533,31667,31866,32024,32442,32718,33319,34166,Medium Town,52.281760,-1.5909599
680,Leyland,E35001332,38883,38756,38872,38931,38953,39288,39579,39869,40198,Medium Town,53.695320,-2.6934799
681,Swadlincote,E35001337,45181,45848,46722,47484,47900,48354,48738,49388,49972,Medium Town,52.774810,-1.5517799
682,Northwich,E35001340,45449,45532,45526,45519,45796,46340,46897,47774,48519,Medium Town,53.260180,-2.5109099
683,Iver Heath,E35001341,8084,8156,8271,8265,8339,8428,8493,8501,8605,Small Town,51.536560,-0.5206399
684,Stroud,E35001346,32784,32968,33173,33520,34031,34017,34173,34440,34726,Medium Town,51.744930,-2.2324399
685,Lancaster,E35001347,47830,48654,48662,49503,50247,50571,50849,51324,51932,Medium Town,54.047510,-2.7976299
686,Wokingham,E35001349,42814,43414,44172,44738,45241,46049,46745,47567,48356,Medium Town,51.410910,-0.8347899
687,Kidsgrove,E35001350,26306,26157,26145,26160,26234,26424,26223,26304,26276,Medium Town,53.086420,-2.2393899
688,Littleborough,E35001351,12352,12372,12299,12337,12292,12139,12148,12059,12085,Small Town,53.643670,-2.0972999
689,Camberley,E35001352,38120,38023,38288,38679,39069,39470,39541,39675,39850,Medium Town,51.336240,-0.7342299
690,Alfreton,E35001356,22801,22946,23046,23196,23117,23157,23316,23586,24068,Small Town,53.097630,-1.3850499
691,Wimborne Minster,E35001359,15199,15321,15419,15582,15852,16103,16259,16252,16241,Small Town,50.802290,-1.9886399
692,Kingsnorth (Ashford),E35001360,6609,6919,7068,7066,7247,7259,7428,7558,7543,Small Town,51.118450,0.85987000
693,Ryde,E35001361,24043,24220,24229,24305,24419,24579,24811,24756,24847,Small Town,50.727600,-1.1669699
694,Cramlington,E35001362,27703,27645,27474,27520,27479,27372,27344,27198,27384,Medium Town,55.087170,-1.5887599
695,Grantham,E35001363,42152,42522,42854,43525,43821,44395,44520,44559,44807,Medium Town,52.913190,-0.6428399
696,Wombwell,E35001365,23402,23725,24015,24474,24723,24945,25197,25493,25803,Medium Town,53.530760,-1.4108399
697,Chester-le-Street,E35001366,37148,37297,37609,37844,37575,37610,37543,37610,37683,Medium Town,54.859080,-1.5749699
698,Kesgrave,E35001367,19081,19140,19401,19464,19555,19639,19588,19577,19655,Small Town,52.066480,1.24053000
699,Epsom,E35001370,31534,32039,32636,33564,33788,34291,34791,35071,35314,Medium Town,51.333070,-0.2714199
700,Minster (Swale),E35001373,18776,19240,19632,19909,20330,20823,20968,21210,21319,Small Town,51.334710,1.31147000
701,Horsforth,E35001374,18896,19004,19038,19053,19171,19393,19469,19542,19766,Small Town,53.834340,-1.6395099
702,Hoylake,E35001375,10897,10919,10907,10973,10890,10842,10840,10854,10875,Small Town,53.398300,-3.1695199
703,Partington,E35001380,7974,8150,8112,8054,8087,8051,8150,8139,8105,Small Town,53.419770,-2.4258199
704,Waltham Abbey,E35001386,18772,18680,18872,19101,19215,19144,19258,19365,19402,Small Town,51.686400,0.00146000
705,Consett,E35001387,24827,24955,25115,25309,25458,25572,25637,25774,25812,Medium Town,54.861510,-1.8347799
706,Whitworth,E35001388,7510,7548,7573,7565,7687,7728,7817,7813,7885,Small Town,53.662800,-2.1724299
707,Royal Leamington Spa,E35001392,55852,56576,56455,56709,55894,56339,56732,57812,57831,Medium Town,52.289200,-1.5352999
708,Poulton-le-Fylde,E35001393,17422,17563,17704,17705,17848,17832,17752,17854,18111,Small Town,53.848060,-2.9946099
709,Stanley,E35001395,20996,21101,21166,21266,21336,21585,21700,21647,21644,Small Town,54.872430,-1.6912699
710,Bexhill,E35001397,42372,42430,42671,43235,43641,43825,44317,44674,45123,Medium Town,50.845330,0.47752000
711,Leek,E35001400,19652,19566,19667,19706,19757,19915,19967,19997,19963,Small Town,53.106630,-2.0208599
712,Wallsend,E35001401,43985,44138,44327,44631,44484,44738,44791,45006,45441,Medium Town,54.991230,-1.5332199
713,Hunstanton,E35001404,8679,8730,8735,8683,8589,8643,8528,8536,8509,Small Town,52.937430,0.49431000
714,Colne,E35001407,18833,18732,18794,18646,18776,18756,18814,18940,18884,Small Town,53.856800,-2.1703699
715,Weybridge,E35001409,29980,29596,29770,29949,30105,30310,30145,30106,30305,Medium Town,51.372930,-0.4576999
716,Glossop,E35001411,33072,33138,33098,33071,33145,33283,33240,33287,33459,Medium Town,53.443330,-1.9459399
717,Hoddesdon,E35001413,42280,42907,43020,43448,43548,43922,43823,43836,43927,Medium Town,51.767840,-0.0132299
718,Staveley,E35001414,15300,15294,15401,15408,15400,15419,15407,15374,15447,Small Town,53.266470,-1.3547799
719,Redruth,E35001416,19976,20270,20182,20420,20630,20920,21083,21324,21467,Small Town,50.232530,-5.2294099
720,Amersham,E35001417,23128,23405,23731,24032,24262,24451,24485,24684,24808,Small Town,51.674670,-0.5961199
721,Swanscombe,E35001418,19933,20299,20782,21175,21535,21852,22321,23241,24616,Small Town,51.450150,0.30855000
722,Wetherby,E35001419,11222,11164,11128,11132,11199,11126,11166,11221,11460,Small Town,53.928140,-1.3868199
723,Locks Heath/Warsash/Whiteley,E35001421,43497,43996,44646,44977,45559,45869,46268,46275,46293,Medium Town,50.855070,-1.2812332
724,Nailsworth,E35001423,7737,7840,7723,7757,7820,7691,7637,7687,7705,Small Town,51.695800,-2.2180199
725,Skelmersdale,E35001425,34470,34453,34486,34584,34470,34772,34813,34816,35120,Medium Town,53.549350,-2.7756699
726,Rickmansworth,E35001432,24061,24210,24658,25019,25255,25370,25380,25413,25305,Medium Town,51.641750,-0.4666999
727,Shoreham-by-Sea,E35001442,48639,49208,49725,50316,50572,50630,50719,50817,51116,Medium Town,50.831930,-0.2764599
728,Hoyland,E35001446,17732,17901,17999,18110,18198,18248,18318,18259,18321,Small Town,53.505530,-1.4450399
729,Brierfield,E35001448,9564,9690,9807,9892,10063,10190,10257,10311,10433,Small Town,53.823570,-2.2342699
730,Stowmarket,E35001453,19355,19749,20151,20666,20807,20929,21312,21570,21936,Small Town,52.188780,0.99718000
731,Rochford,E35001457,17752,17819,17845,18057,18158,18276,18301,18609,18598,Small Town,51.583220,0.70139000
732,Haslemere,E35001459,13156,13212,13101,13109,13198,13314,13384,13268,13203,Small Town,51.088790,-0.7087599
733,Cranleigh,E35001461,9926,9849,9969,10050,10199,10179,10181,10307,10531,Small Town,51.141530,-0.4829899
734,Bicester,E35001462,32717,32680,32911,32862,32937,32838,32789,32839,32835,Medium Town,51.898020,-1.1534699
735,Bridgnorth,E35001463,12314,12393,12522,12687,12754,12815,12893,12929,12804,Small Town,52.537060,-2.4206299
736,South Normanton,E35001468,15423,15499,15469,15428,15666,15698,15925,15870,15909,Small Town,53.100680,-1.3362399
737,Thornaby-on-Tees,E35001481,24778,25092,25313,25556,25823,25892,25876,25801,25628,Medium Town,54.538400,-1.3035099
738,Adwick le Street,E35001482,19222,19084,18954,18867,18787,18833,18858,19010,18951,Small Town,53.569400,-1.1839699
739,Houghton-le-Spring,E35001485,13868,14044,14178,14163,14197,14229,14292,14302,14312,Small Town,54.839130,-1.4687899
740,Herne Bay,E35001486,38326,38504,39086,39645,39739,40127,40450,40555,40876,Medium Town,51.371270,1.12621000
741,Tadley,E35001487,15863,15941,15826,15832,15825,15812,15630,15603,15497,Small Town,51.354350,-1.1411499
742,Leatherhead,E35001490,32632,32726,32918,32966,33104,33157,32994,33184,33355,Medium Town,51.296390,-0.3293899
743,Whitley Bay,E35001492,36682,36730,36690,36972,36922,37030,37058,37120,37277,Medium Town,55.048560,-1.4495799
744,Horley,E35001493,22804,23114,23378,23724,24395,25036,25253,25970,26466,Medium Town,51.175450,-0.1691999
745,Newark-on-Trent,E35001494,37168,37553,37933,38297,38598,39027,39370,39635,39947,Medium Town,53.074280,-0.8097199
746,Pershore,E35001496,7102,7137,7331,7464,7516,7598,7765,7982,8116,Small Town,52.113970,-2.0797699
747,Hitchin,E35001499,34431,34724,35159,35607,36172,36454,36202,36379,36551,Medium Town,51.953620,-0.2846899
748,Hedge End,E35001502,25265,25583,26068,26498,26636,26467,26399,26556,26506,Medium Town,50.915860,-1.2924299
749,Westergate,E35001503,9798,9909,9924,9944,10028,10115,10153,10232,10428,Small Town,50.839670,-0.6683999
750,Loughton,E35001507,31194,31554,31914,32193,32277,32510,32660,32990,33088,Medium Town,51.647700,0.05552000
751,Abertillery,W37000092,10951,10876,10838,10828,10734,10748,10774,10796,10745,Small Town,51.730140,-3.1375699
752,Pencoed,W37000094,9191,9215,9253,9278,9251,9292,9342,9356,9466,Small Town,51.527460,-3.5002699
753,Newtown (Powys),W37000100,11361,11390,11328,11361,11358,11244,11319,11300,11222,Small Town,52.512770,-3.3146099
754,Pembroke Dock,W37000105,9752,9809,9755,9892,9780,9717,9716,9675,9665,Small Town,51.691850,-4.9423599
755,Pyle,W37000111,13717,13886,14031,14062,14248,14280,14361,14458,14568,Small Town,51.526040,-3.6921099
756,Brynna,W37000114,6685,6773,7008,7257,7346,7479,7557,7666,7737,Small Town,51.539240,-3.4622899
757,Caerleon,W37000123,8745,8643,8617,8532,8425,8459,8500,8449,8454,Small Town,51.617560,-2.9595199
758,Mountain Ash,W37000129,11213,11184,11191,11247,11301,11277,11289,11293,11339,Small Town,51.684590,-3.3791799
759,Denbigh,W37000138,8547,8528,8536,8414,8465,8424,8416,8424,8500,Small Town,53.183380,-3.4210799
760,Pontarddulais,W37000146,9084,9329,9427,9400,9366,9391,9316,9506,9656,Small Town,51.712080,-4.0359799
761,Brecon,W37000173,8298,8328,8381,8408,8306,8400,8419,8408,8400,Small Town,51.950160,-3.3908699
762,Cil-y-coed,W37000177,11208,11328,11503,11583,11551,11599,11623,11636,11720,Small Town,53.408386,-1.9695595
763,Pembroke,W37000187,7552,7544,7547,7563,7622,7701,7832,7957,8111,Small Town,51.674730,-4.9160399
764,Tonyrefail,W37000191,9309,9408,9379,9436,9469,9442,9579,9606,9704,Small Town,51.588780,-3.4296799
765,Milford Haven,W37000225,13593,13800,13854,13761,13738,13873,13959,14077,14219,Small Town,51.716910,-5.0269099
766,Llandudno,W37000243,15375,15257,15275,15338,14843,15318,15375,15479,15395,Small Town,53.322430,-3.8187799
767,Mold,W37000273,10041,10059,10150,10279,10145,10161,10142,10133,10123,Small Town,53.163870,-3.1399199
768,Porthcawl,W37000295,15665,15568,15484,15527,15497,15572,15581,15590,15744,Small Town,51.487610,-3.6909199
769,Holyhead,W37000301,11467,11535,11611,11582,11593,11629,11715,11864,11981,Small Town,53.306370,-4.6302799
770,Hirwaun,W37000334,7253,7341,7364,7342,7378,7405,7458,7507,7541,Small Town,51.736950,-3.5092499
771,Tredegar,W37000338,14835,14919,15041,15068,15004,15065,15000,15090,15191,Small Town,51.778930,-3.2450399
772,Barry,W37000342,54779,54880,55186,55399,55554,56124,56892,57420,57920,Medium Town,51.401780,-3.2779899
773,Monmouth,W37000354,10130,10161,10161,10257,10311,10437,10486,10694,10910,Small Town,51.820780,-2.7123699
774,Carmarthen,W37000359,15847,15933,16087,16115,16073,16169,16192,16258,16285,Small Town,51.860550,-4.2989999
775,Haverfordwest,W37000361,14625,14621,14685,14689,14811,14933,15032,15126,15228,Small Town,51.798780,-4.9773199
776,Merthyr Tydfil,W37000363,43884,43973,44110,44211,44269,44585,44807,45028,45109,Medium Town,51.750570,-3.3763499
777,Abersychan,W38000003,7587,7651,7751,7714,7691,7713,7781,7906,7904,Small Town,51.723820,-3.0607199
778,Bangor,W38000009,17888,18047,18211,17871,18616,18401,18476,18709,18322,Small Town,54.663000,-5.6684199
779,Kinmel Bay,W38000010,9527,9647,9610,9646,9484,9562,9544,9490,9469,Small Town,53.310390,-3.5204199
780,Maesteg,W38000016,18907,18868,18818,18788,18701,18701,18729,18715,18920,Small Town,51.608450,-3.6601899
781,Treharris,W38000017,7688,7667,7633,7634,7675,7693,7638,7700,7723,Small Town,51.664880,-3.3064699
782,Ammanford,W38000018,7945,8006,8146,8240,8302,8286,8330,8450,8625,Small Town,51.792780,-3.9883799
783,Shotton,W38000019,16802,16858,17056,17190,17201,17218,17346,17484,17541,Small Town,54.783330,-1.3666699
784,Newbridge,W38000032,9586,9568,9629,9581,9546,9557,9640,9706,9693,Small Town,55.940850,-3.4101299
785,Caernarfon,W38000043,9452,9468,9466,9540,9612,9713,9815,9859,9970,Small Town,53.143140,-4.2717499
786,Abergavenny,W38000044,13462,13361,13373,13361,13315,13350,13402,13476,13558,Small Town,51.825050,-3.0205499
787,Rhosllanerchrugog,W38000045,13494,13515,13494,13576,13455,13455,13384,13458,13456,Small Town,53.006660,-3.0571099
788,Prestatyn,W38000047,16803,16731,16805,17009,16923,16965,16960,16833,16790,Small Town,53.336120,-3.4167299
789,Gowerton,W38000050,8168,8226,8152,8169,8159,8174,8156,8131,8161,Small Town,51.648600,-4.0422699
790,Connah's Quay,W38000055,16808,16708,16770,16738,16727,16758,16843,16834,16808,Small Town,53.226080,-3.0590699
791,Buckley,W38000060,19675,19702,19704,19793,20043,20215,20232,20279,20327,Small Town,53.168170,-3.0907099
792,Chepstow,W38000061,12416,12407,12427,12424,12426,12438,12451,12461,12433,Small Town,51.637900,-2.6792199
793,Treorchy,W38000064,7683,7627,7676,7686,7732,7666,7681,7783,7691,Small Town,51.659670,-3.5049399
794,Rhondda,W38000065,13322,13326,13307,13273,13243,13220,13233,13295,13336,Small Town,51.658960,-3.4488499
795,Llantwit Major,W38000067,8427,8567,8538,8612,8520,8598,8689,8725,8665,Small Town,51.410150,-3.4884899
796,Tonypandy,W38000069,17797,17951,18023,18083,18030,18030,17960,17866,18031,Small Town,51.624270,-3.4570099
797,Sarn,W38000072,10829,10984,11096,11160,11432,11685,11848,11986,12356,Small Town,51.541170,-3.5791199
798,Llantrisant,W38000075,13259,13355,13489,13425,13522,13526,13590,13581,13710,Small Town,51.540770,-3.3742599
799,Dinas Powis,W38000077,7502,7541,7489,7551,7550,7572,7633,7711,7726,Small Town,51.433520,-3.2156799
800,Risca,W38000080,14942,15075,15030,14880,14996,14986,14944,14925,14866,Small Town,51.606740,-3.1001199
801,Pontypridd,W38000081,30452,30579,30476,30550,30671,30711,30910,30860,30967,Medium Town,51.597650,-3.3311699
802,Caerphilly,W38000086,41400,41369,41415,41865,41927,41929,41905,42020,41986,Medium Town,51.576580,-3.2177099
803,Gorseinon,W38000087,15734,15787,16000,16177,16558,16828,16983,17227,17308,Small Town,51.666670,-4.0411699
804,Llanelli,W38000094,43960,44251,44323,44403,44634,44698,44812,44940,45309,Medium Town,51.682680,-4.1342499
805,Ystradgynlais,W38000105,10241,10327,10361,10394,10437,10525,10559,10576,10584,Small Town,51.777800,-3.7572199
806,Church Village,W38000107,13788,13794,13868,13845,13855,13873,14124,14355,14370,Small Town,51.564410,-3.3240299
807,Pontllan-fraith,W38000110,9211,9260,9276,9289,9267,9243,9291,9361,9327,Small Town,51.649950,-3.1962099
808,Pontypool,W38000111,28330,28534,28633,28788,28777,28924,28868,28970,29166,Medium Town,51.703300,-3.0432899
809,Rhyl,W38000112,25198,25385,25619,25594,25635,25784,25994,26153,26466,Medium Town,53.311580,-3.4723399
810,Abergele,W38000117,9207,9195,9208,9301,9370,9293,9333,9352,9431,Small Town,53.284320,-3.5811399
811,Colwyn Bay,W38000120,29403,29504,29637,29746,28160,28294,28142,28236,28233,Medium Town,53.293870,-3.7253499
812,Beddau,W38000122,8245,8322,8293,8281,8358,8583,8596,8576,8586,Small Town,51.555900,-3.3556099
813,Penarth,W38000123,27202,27455,27697,28003,28134,28433,29388,29540,30010,Medium Town,51.439090,-3.1745399
814,Bargod,W38000124,11550,11669,11534,11514,11629,11757,11825,11897,11889,Small Town,51.687110,-3.2298099
815,Aberdare,W38000125,29739,30040,29967,30281,30477,30734,30831,31200,31396,Medium Town,51.712600,-3.4456999
816,Blackwood,W38000126,24035,24052,24110,24258,24218,24196,24145,24121,24215,Small Town,51.667370,-3.1956399
817,Ystrad Mynach,W38000127,19212,19270,19531,19615,19672,19791,19775,19828,19939,Small Town,51.645910,-3.2250599
818,Bridgend,W38000129,46879,47119,47632,47800,47659,48005,48417,48511,49338,Medium Town,51.508840,-3.5782199
819,Holywell,W38000132,9816,9871,9873,9984,9954,10031,9911,10037,10067,Small Town,53.274560,-3.2253299
820,Aberystwyth,W38000133,17843,18286,18452,18171,17587,17035,16522,16248,15812,Small Town,52.416070,-4.0778699
821,Neath,W38000135,50713,50647,50596,50707,50740,50901,50973,51084,51433,Medium Town,51.662730,-3.7998199
822,Ebbw Vale,W38000138,18114,18173,18148,18146,18210,18165,18170,18273,18261,Small Town,51.797030,-3.2146999
823,Cwmbran,W38000140,46998,46862,46752,46781,47014,46965,47133,47602,48287,Medium Town,51.657730,-3.0257599
824,Llandudno Junction,W38000142,10654,10840,11031,11147,12460,12396,12496,12598,12694,Small Town,53.284460,-3.8082599
825,Flint,W38000143,14915,14906,14814,14629,14635,14653,14690,14751,15006,Small Town,53.247490,-3.1297699
826,Port Talbot,W38000144,37280,37449,37343,37469,37569,37765,37900,38106,38104,Medium Town,51.591380,-3.8023499
827,Porth,W38000145,14657,14665,14682,14645,14653,14649,14587,14640,14723,Small Town,51.615200,-3.4112699
828,Pontardawe,W38000146,12349,12357,12318,12502,12672,12727,12801,12970,13096,Small Town,51.718970,-3.8496399
